capa_id,site_id,department_id,source_type,source_reference_id,severity,root_cause_category,root_cause_detail,description,initiated_by,owner_employee_id,initiation_date,target_close_date,actual_close_date,status,effectiveness_check_req,effectiveness_check_date,effectiveness_check_result,reopen_count,regulatory_notif_required
CAPA-0001,SITE-US-01,7,Self-Identified,,Minor,Human Error,Root cause identified as human error deficiency in Manufacturing,CAPA initiated for minor quality event at Philadelphia Manufacturing,Quality System,1,2022-08-04,2022-11-02,2022-10-10,Closed,False,,,0,False
CAPA-0002,SITE-US-01,10,Audit,,Major,Equipment,Root cause identified as equipment deficiency in QA,CAPA initiated for major quality event at Philadelphia Manufacturing,Quality System,9,2022-10-17,2022-12-16,,Overdue,True,,,0,False
CAPA-0003,SITE-US-01,4,Deviation,,Major,Communication,Root cause identified as communication deficiency in QC,CAPA initiated for major quality event at Philadelphia Manufacturing,Quality System,109,2024-03-28,2024-05-27,2024-04-19,Closed,True,2024-07-18,Fail,0,False
CAPA-0004,SITE-US-01,5,Audit,,Minor,System,Root cause identified as system deficiency in QA,CAPA initiated for minor quality event at Philadelphia Manufacturing,Quality System,12,2022-12-30,2023-03-30,,Overdue,False,,,1,False
CAPA-0005,SITE-US-01,5,Inspection,,Minor,Material,Root cause identified as material deficiency in Manufacturing,CAPA initiated for minor quality event at Philadelphia Manufacturing,Quality System,12,2024-09-21,2024-12-20,,Overdue,False,,,0,False
CAPA-0006,SITE-US-01,6,Audit,,Minor,Human Error,Root cause identified as human error deficiency in Regulatory,CAPA initiated for minor quality event at Philadelphia Manufacturing,Quality System,9,2022-10-07,2023-01-05,2022-12-20,Closed,False,,,0,False
CAPA-0007,SITE-US-01,1,Audit,,Minor,System,Root cause identified as system deficiency in QA,CAPA initiated for minor quality event at Philadelphia Manufacturing,Quality System,74,2022-05-01,2022-07-30,,Overdue,False,,,0,False
CAPA-0008,SITE-US-01,6,Deviation,,Minor,Communication,Root cause identified as communication deficiency in Regulatory,CAPA initiated for minor quality event at Philadelphia Manufacturing,Quality System,11,2024-02-01,2024-05-01,2024-02-19,Closed,False,,,0,False
CAPA-0009,SITE-US-01,4,Audit,,Minor,Training,Root cause identified as training deficiency in QA,CAPA initiated for minor quality event at Philadelphia Manufacturing,Quality System,60,2022-03-31,2022-06-29,2022-05-31,Closed,False,,,0,False
CAPA-0010,SITE-US-01,2,Self-Identified,,Minor,Communication,Root cause identified as communication deficiency in QC,CAPA initiated for minor quality event at Philadelphia Manufacturing,Quality System,72,2022-05-26,2022-08-24,2022-05-31,Closed,False,,,0,False
CAPA-0011,SITE-US-01,9,Self-Identified,,Minor,Equipment,Root cause identified as equipment deficiency in Manufacturing,CAPA initiated for minor quality event at Philadelphia Manufacturing,Quality System,111,2023-11-02,2024-01-31,2024-01-18,Closed,False,,,0,False
CAPA-0012,SITE-US-01,2,Self-Identified,,Major,Material,Root cause identified as material deficiency in Manufacturing,CAPA initiated for major quality event at Philadelphia Manufacturing,Quality System,61,2024-04-24,2024-06-23,2024-05-29,Closed,True,2024-08-27,Pass,0,False
CAPA-0013,SITE-US-01,3,Complaint,,Minor,Training,Root cause identified as training deficiency in Regulatory,CAPA initiated for minor quality event at Philadelphia Manufacturing,Quality System,29,2023-09-29,2023-12-28,2023-10-13,Closed,False,,,0,False
CAPA-0014,SITE-US-01,6,Inspection,,Critical,Training,Root cause identified as training deficiency in QC,CAPA initiated for critical quality event at Philadelphia Manufacturing,Quality System,68,2023-01-11,2023-02-10,,Overdue,True,,,1,False
CAPA-0015,SITE-US-01,5,Self-Identified,,Major,Procedure,Root cause identified as procedure deficiency in Regulatory,CAPA initiated for major quality event at Philadelphia Manufacturing,Quality System,5,2023-05-11,2023-07-10,,Overdue,True,,,0,False
CAPA-0016,SITE-US-01,9,Self-Identified,,Major,Communication,Root cause identified as communication deficiency in Manufacturing,CAPA initiated for major quality event at Philadelphia Manufacturing,Quality System,71,2024-05-29,2024-07-28,2024-07-18,Closed,True,2024-10-16,Pass,1,False
CAPA-0017,SITE-US-01,3,Self-Identified,,Major,Communication,Root cause identified as communication deficiency in QA,CAPA initiated for major quality event at Philadelphia Manufacturing,Quality System,43,2022-12-29,2023-02-27,2023-02-12,Closed,True,2023-05-13,Pass,0,False
CAPA-0018,SITE-US-01,8,Self-Identified,,Minor,Material,Root cause identified as material deficiency in QC,CAPA initiated for minor quality event at Philadelphia Manufacturing,Quality System,46,2024-07-01,2024-09-29,,Overdue,False,,,0,False
CAPA-0019,SITE-US-01,1,Self-Identified,,Major,Material,Root cause identified as material deficiency in QC,CAPA initiated for major quality event at Philadelphia Manufacturing,Quality System,116,2022-06-13,2022-08-12,2022-06-29,Closed,True,2022-09-27,Pass,0,False
CAPA-0020,SITE-US-01,4,Audit,,Critical,System,Root cause identified as system deficiency in QA,CAPA initiated for critical quality event at Philadelphia Manufacturing,Quality System,13,2022-08-08,2022-09-07,2022-08-13,Closed,True,2022-11-11,Pass,0,False
CAPA-0021,SITE-US-01,5,Inspection,,Critical,Training,Root cause identified as training deficiency in Regulatory,CAPA initiated for critical quality event at Philadelphia Manufacturing,Quality System,7,2024-03-05,2024-04-04,,Overdue,True,,,0,False
CAPA-0022,SITE-US-01,5,Audit,,Major,Human Error,Root cause identified as human error deficiency in Manufacturing,CAPA initiated for major quality event at Philadelphia Manufacturing,Quality System,1,2022-12-29,2023-02-27,2023-01-26,Closed,True,2023-04-26,Fail,0,False
CAPA-0023,SITE-US-01,6,Audit,,Major,Material,Root cause identified as material deficiency in QA,CAPA initiated for major quality event at Philadelphia Manufacturing,Quality System,21,2022-10-04,2022-12-03,,Overdue,True,,,1,False
CAPA-0024,SITE-US-01,3,Complaint,,Minor,Training,Root cause identified as training deficiency in QC,CAPA initiated for minor quality event at Philadelphia Manufacturing,Quality System,57,2024-05-05,2024-08-03,2024-08-18,Closed,False,,,0,False
CAPA-0025,SITE-US-01,4,Deviation,,Critical,Training,Root cause identified as training deficiency in Regulatory,CAPA initiated for critical quality event at Philadelphia Manufacturing,Quality System,77,2023-11-27,2023-12-27,2023-12-17,Closed,True,2024-03-16,Pass,0,False
CAPA-0026,SITE-US-01,1,Audit,,Minor,System,Root cause identified as system deficiency in Regulatory,CAPA initiated for minor quality event at Philadelphia Manufacturing,Quality System,37,2024-01-20,2024-04-19,,Overdue,False,,,0,False
CAPA-0027,SITE-US-01,10,Audit,,Minor,Training,Root cause identified as training deficiency in QA,CAPA initiated for minor quality event at Philadelphia Manufacturing,Quality System,36,2023-03-19,2023-06-17,,Overdue,False,,,0,False
CAPA-0028,SITE-US-01,5,Audit,,Major,Equipment,Root cause identified as equipment deficiency in QA,CAPA initiated for major quality event at Philadelphia Manufacturing,Quality System,70,2023-12-15,2024-02-13,2023-12-22,Closed,True,2024-03-21,Pass,0,False
CAPA-0029,SITE-US-01,3,Self-Identified,,Minor,Procedure,Root cause identified as procedure deficiency in QC,CAPA initiated for minor quality event at Philadelphia Manufacturing,Quality System,45,2022-07-12,2022-10-10,,Overdue,False,,,0,False
CAPA-0030,SITE-US-01,1,Inspection,,Minor,Procedure,Root cause identified as procedure deficiency in Regulatory,CAPA initiated for minor quality event at Philadelphia Manufacturing,Quality System,73,2023-05-14,2023-08-12,2023-05-24,Closed,False,,,0,False
CAPA-0031,SITE-US-01,8,Inspection,,Minor,Training,Root cause identified as training deficiency in QC,CAPA initiated for minor quality event at Philadelphia Manufacturing,Quality System,6,2022-01-27,2022-04-27,2022-04-12,Closed,False,,,0,False
CAPA-0032,SITE-US-01,4,Self-Identified,,Minor,Material,Root cause identified as material deficiency in QC,CAPA initiated for minor quality event at Philadelphia Manufacturing,Quality System,40,2023-05-10,2023-08-08,2023-05-31,Closed,False,,,1,False
CAPA-0033,SITE-US-01,3,Complaint,,Minor,Procedure,Root cause identified as procedure deficiency in QC,CAPA initiated for minor quality event at Philadelphia Manufacturing,Quality System,2,2024-02-07,2024-05-07,2024-04-10,Closed,False,,,0,False
CAPA-0034,SITE-US-01,5,Deviation,,Major,Training,Root cause identified as training deficiency in Regulatory,CAPA initiated for major quality event at Philadelphia Manufacturing,Quality System,24,2023-03-23,2023-05-22,2023-06-11,Closed,True,2023-09-09,Pass,0,False
CAPA-0035,SITE-US-01,3,Deviation,,Minor,System,Root cause identified as system deficiency in Manufacturing,CAPA initiated for minor quality event at Philadelphia Manufacturing,Quality System,40,2024-07-29,2024-10-27,2024-11-06,Closed,False,,,0,False
CAPA-0036,SITE-US-01,7,Audit,,Minor,Equipment,Root cause identified as equipment deficiency in QC,CAPA initiated for minor quality event at Philadelphia Manufacturing,Quality System,32,2023-11-09,2024-02-07,2023-11-18,Closed,False,,,0,False
CAPA-0037,SITE-US-01,5,Deviation,,Minor,Equipment,Root cause identified as equipment deficiency in QA,CAPA initiated for minor quality event at Philadelphia Manufacturing,Quality System,20,2022-01-12,2022-04-12,,Overdue,False,,,0,False
CAPA-0038,SITE-US-01,6,Inspection,,Critical,System,Root cause identified as system deficiency in QC,CAPA initiated for critical quality event at Philadelphia Manufacturing,Quality System,97,2022-08-27,2022-09-26,2022-09-05,Closed,True,2022-12-04,Fail,0,False
CAPA-0039,SITE-US-01,7,Complaint,,Major,Equipment,Root cause identified as equipment deficiency in Manufacturing,CAPA initiated for major quality event at Philadelphia Manufacturing,Quality System,51,2024-07-12,2024-09-10,2024-07-27,Closed,True,2024-10-25,Pass,0,False
CAPA-0040,SITE-US-02,13,Inspection,,Minor,Material,Root cause identified as material deficiency in QC,CAPA initiated for minor quality event at Boston R&D Center,Quality System,143,2024-05-08,2024-08-06,,Overdue,False,,,1,False
CAPA-0041,SITE-US-02,18,Audit,,Major,System,Root cause identified as system deficiency in QA,CAPA initiated for major quality event at Boston R&D Center,Quality System,143,2024-12-02,2025-01-31,2024-12-08,Closed,True,2025-03-08,Fail,0,False
CAPA-0042,SITE-US-02,13,Audit,,Minor,Material,Root cause identified as material deficiency in QC,CAPA initiated for minor quality event at Boston R&D Center,Quality System,154,2023-04-08,2023-07-07,2023-06-07,Closed,False,,,0,False
CAPA-0043,SITE-US-02,12,Inspection,,Minor,Material,Root cause identified as material deficiency in QA,CAPA initiated for minor quality event at Boston R&D Center,Quality System,128,2022-09-12,2022-12-11,,Overdue,False,,,0,False
CAPA-0044,SITE-US-02,16,Self-Identified,,Major,Training,Root cause identified as training deficiency in Regulatory,CAPA initiated for major quality event at Boston R&D Center,Quality System,151,2024-10-27,2024-12-26,2024-12-06,Closed,True,2025-03-06,Pass,0,False
CAPA-0045,SITE-US-02,14,Inspection,,Major,Communication,Root cause identified as communication deficiency in Manufacturing,CAPA initiated for major quality event at Boston R&D Center,Quality System,125,2022-07-12,2022-09-10,2022-09-03,Closed,True,2022-12-02,Pass,0,False
CAPA-0046,SITE-US-02,15,Complaint,,Minor,Human Error,Root cause identified as human error deficiency in QC,CAPA initiated for minor quality event at Boston R&D Center,Quality System,124,2024-02-08,2024-05-08,2024-04-14,Closed,False,,,0,False
CAPA-0047,SITE-US-02,14,Self-Identified,,Minor,Training,Root cause identified as training deficiency in QC,CAPA initiated for minor quality event at Boston R&D Center,Quality System,155,2022-07-16,2022-10-14,2022-09-20,Closed,False,,,0,False
CAPA-0048,SITE-US-02,13,Audit,,Minor,Training,Root cause identified as training deficiency in QC,CAPA initiated for minor quality event at Boston R&D Center,Quality System,126,2022-09-19,2022-12-18,,Overdue,False,,,0,False
CAPA-0049,SITE-US-02,12,Audit,,Major,System,Root cause identified as system deficiency in Regulatory,CAPA initiated for major quality event at Boston R&D Center,Quality System,144,2023-07-23,2023-09-21,,Overdue,True,,,0,False
CAPA-0050,SITE-US-02,11,Complaint,,Minor,Training,Root cause identified as training deficiency in Manufacturing,CAPA initiated for minor quality event at Boston R&D Center,Quality System,135,2023-02-06,2023-05-07,2023-02-12,Closed,False,,,0,False
CAPA-0051,SITE-US-02,16,Deviation,,Major,System,Root cause identified as system deficiency in QA,CAPA initiated for major quality event at Boston R&D Center,Quality System,129,2022-09-26,2022-11-25,2022-10-09,Closed,True,2023-01-07,Pass,0,False
CAPA-0052,SITE-US-02,11,Complaint,,Major,Training,Root cause identified as training deficiency in Manufacturing,CAPA initiated for major quality event at Boston R&D Center,Quality System,149,2024-05-05,2024-07-04,2024-05-22,Closed,True,2024-08-20,Pass,2,False
CAPA-0053,SITE-US-02,11,Deviation,,Major,Training,Root cause identified as training deficiency in QA,CAPA initiated for major quality event at Boston R&D Center,Quality System,147,2023-12-30,2024-02-28,2024-01-18,Closed,True,2024-04-17,Pass,0,False
CAPA-0054,SITE-US-02,14,Audit,,Minor,Equipment,Root cause identified as equipment deficiency in QA,CAPA initiated for minor quality event at Boston R&D Center,Quality System,137,2022-06-01,2022-08-30,2022-06-26,Closed,False,,,1,False
CAPA-0055,SITE-US-02,13,Self-Identified,,Minor,System,Root cause identified as system deficiency in QA,CAPA initiated for minor quality event at Boston R&D Center,Quality System,133,2023-05-23,2023-08-21,2023-06-05,Closed,False,,,0,False
CAPA-0056,SITE-US-02,17,Inspection,,Major,Equipment,Root cause identified as equipment deficiency in Regulatory,CAPA initiated for major quality event at Boston R&D Center,Quality System,123,2022-08-31,2022-10-30,2022-11-16,Closed,True,2023-02-14,Pass,0,False
CAPA-0057,SITE-US-02,15,Complaint,,Minor,Procedure,Root cause identified as procedure deficiency in QC,CAPA initiated for minor quality event at Boston R&D Center,Quality System,123,2024-03-17,2024-06-15,2024-05-11,Closed,False,,,0,False
CAPA-0058,SITE-US-02,14,Self-Identified,,Minor,System,Root cause identified as system deficiency in Regulatory,CAPA initiated for minor quality event at Boston R&D Center,Quality System,143,2024-06-22,2024-09-20,2024-08-05,Closed,False,,,0,False
CAPA-0059,SITE-US-02,13,Inspection,,Major,Training,Root cause identified as training deficiency in QA,CAPA initiated for major quality event at Boston R&D Center,Quality System,126,2022-01-18,2022-03-19,2022-02-04,Closed,True,2022-05-05,Pass,0,False
CAPA-0060,SITE-US-02,16,Self-Identified,,Major,System,Root cause identified as system deficiency in QC,CAPA initiated for major quality event at Boston R&D Center,Quality System,138,2022-10-28,2022-12-27,,Overdue,True,,,1,False
CAPA-0061,SITE-US-02,12,Self-Identified,,Major,Equipment,Root cause identified as equipment deficiency in Regulatory,CAPA initiated for major quality event at Boston R&D Center,Quality System,130,2022-11-06,2023-01-05,2022-11-13,Closed,True,2023-02-11,Pass,0,False
CAPA-0062,SITE-US-02,14,Self-Identified,,Minor,System,Root cause identified as system deficiency in QC,CAPA initiated for minor quality event at Boston R&D Center,Quality System,136,2023-09-30,2023-12-29,2023-12-17,Closed,False,,,0,False
CAPA-0063,SITE-US-02,13,Complaint,,Minor,Procedure,Root cause identified as procedure deficiency in QA,CAPA initiated for minor quality event at Boston R&D Center,Quality System,144,2022-10-02,2022-12-31,,Overdue,False,,,0,False
CAPA-0064,SITE-US-02,12,Complaint,,Major,Material,Root cause identified as material deficiency in Regulatory,CAPA initiated for major quality event at Boston R&D Center,Quality System,146,2024-12-24,2025-02-22,2024-12-31,Closed,True,2025-03-31,Pass,0,False
CAPA-0065,SITE-US-02,16,Inspection,,Major,Equipment,Root cause identified as equipment deficiency in Regulatory,CAPA initiated for major quality event at Boston R&D Center,Quality System,158,2023-07-01,2023-08-30,2023-08-19,Closed,True,2023-11-17,Pass,0,False
CAPA-0066,SITE-US-02,14,Complaint,,Minor,Human Error,Root cause identified as human error deficiency in Manufacturing,CAPA initiated for minor quality event at Boston R&D Center,Quality System,148,2023-07-04,2023-10-02,,Overdue,False,,,0,False
CAPA-0067,SITE-US-02,17,Audit,,Minor,Procedure,Root cause identified as procedure deficiency in Regulatory,CAPA initiated for minor quality event at Boston R&D Center,Quality System,134,2024-01-30,2024-04-29,,Overdue,False,,,0,False
CAPA-0068,SITE-US-02,16,Self-Identified,,Major,Equipment,Root cause identified as equipment deficiency in QC,CAPA initiated for major quality event at Boston R&D Center,Quality System,153,2023-07-29,2023-09-27,2023-08-04,Closed,True,2023-11-02,Pass,1,False
CAPA-0069,SITE-US-02,17,Complaint,,Major,Human Error,Root cause identified as human error deficiency in Regulatory,CAPA initiated for major quality event at Boston R&D Center,Quality System,132,2023-12-01,2024-01-30,2024-02-29,Closed,True,2024-05-29,Pass,0,False
CAPA-0070,SITE-US-02,12,Complaint,,Critical,Procedure,Root cause identified as procedure deficiency in Manufacturing,CAPA initiated for critical quality event at Boston R&D Center,Quality System,145,2023-05-06,2023-06-05,,Overdue,True,,,0,True
CAPA-0071,SITE-US-02,13,Inspection,,Critical,Equipment,Root cause identified as equipment deficiency in QA,CAPA initiated for critical quality event at Boston R&D Center,Quality System,140,2023-08-09,2023-09-08,2023-08-31,Closed,True,2023-11-29,Pass,0,False
CAPA-0072,SITE-US-02,12,Audit,,Minor,System,Root cause identified as system deficiency in QA,CAPA initiated for minor quality event at Boston R&D Center,Quality System,155,2023-03-14,2023-06-12,2023-04-16,Closed,False,,,0,False
CAPA-0073,SITE-US-02,16,Self-Identified,,Minor,Training,Root cause identified as training deficiency in Regulatory,CAPA initiated for minor quality event at Boston R&D Center,Quality System,126,2022-09-07,2022-12-06,2022-10-03,Closed,False,,,0,False
CAPA-0074,SITE-US-02,17,Self-Identified,,Major,Procedure,Root cause identified as procedure deficiency in Regulatory,CAPA initiated for major quality event at Boston R&D Center,Quality System,137,2023-07-30,2023-09-28,2023-09-15,Closed,True,2023-12-14,Pass,1,False
CAPA-0075,SITE-US-02,11,Self-Identified,,Critical,Human Error,Root cause identified as human error deficiency in Regulatory,CAPA initiated for critical quality event at Boston R&D Center,Quality System,142,2024-10-17,2024-11-16,2024-10-27,Closed,True,2025-01-25,Fail,1,False
CAPA-0076,SITE-US-02,14,Deviation,,Minor,Procedure,Root cause identified as procedure deficiency in Regulatory,CAPA initiated for minor quality event at Boston R&D Center,Quality System,121,2023-04-01,2023-06-30,2023-07-18,Closed,False,,,0,False
CAPA-0077,SITE-US-02,13,Inspection,,Major,System,Root cause identified as system deficiency in QA,CAPA initiated for major quality event at Boston R&D Center,Quality System,122,2022-08-17,2022-10-16,2022-10-09,Closed,True,2023-01-07,Pending,0,False
CAPA-0078,SITE-US-02,13,Deviation,,Major,Training,Root cause identified as training deficiency in QA,CAPA initiated for major quality event at Boston R&D Center,Quality System,140,2024-01-23,2024-03-23,2024-01-30,Closed,True,2024-04-29,Pass,0,False
CAPA-0079,SITE-US-02,15,Deviation,,Minor,Training,Root cause identified as training deficiency in QA,CAPA initiated for minor quality event at Boston R&D Center,Quality System,134,2024-08-06,2024-11-04,,Overdue,False,,,0,False
CAPA-0080,SITE-US-02,14,Inspection,,Minor,Human Error,Root cause identified as human error deficiency in QC,CAPA initiated for minor quality event at Boston R&D Center,Quality System,143,2024-03-26,2024-06-24,2024-07-04,Closed,False,,,0,False
CAPA-0081,SITE-US-02,18,Deviation,,Minor,System,Root cause identified as system deficiency in QC,CAPA initiated for minor quality event at Boston R&D Center,Quality System,129,2022-11-12,2023-02-10,2022-11-20,Closed,False,,,0,False
CAPA-0082,SITE-EU-01,21,Deviation,,Minor,System,Root cause identified as system deficiency in Manufacturing,CAPA initiated for minor quality event at Dublin Manufacturing,Quality System,242,2023-12-23,2024-03-22,,Overdue,False,,,1,False
CAPA-0083,SITE-EU-01,24,Inspection,,Major,System,Root cause identified as system deficiency in Manufacturing,CAPA initiated for major quality event at Dublin Manufacturing,Quality System,261,2024-06-25,2024-08-24,2024-08-07,Closed,True,2024-11-05,Pass,0,False
CAPA-0084,SITE-EU-01,19,Self-Identified,,Major,Equipment,Root cause identified as equipment deficiency in Regulatory,CAPA initiated for major quality event at Dublin Manufacturing,Quality System,166,2022-09-22,2022-11-21,2022-09-29,Closed,True,2022-12-28,Pass,0,False
CAPA-0085,SITE-EU-01,21,Deviation,,Minor,Training,Root cause identified as training deficiency in Regulatory,CAPA initiated for minor quality event at Dublin Manufacturing,Quality System,165,2024-03-07,2024-06-05,,Overdue,False,,,0,False
CAPA-0086,SITE-EU-01,27,Deviation,,Critical,System,Root cause identified as system deficiency in Manufacturing,CAPA initiated for critical quality event at Dublin Manufacturing,Quality System,251,2022-07-22,2022-08-21,2022-08-07,Closed,True,2022-11-05,Pass,1,False
CAPA-0087,SITE-EU-01,25,Inspection,,Minor,Equipment,Root cause identified as equipment deficiency in Manufacturing,CAPA initiated for minor quality event at Dublin Manufacturing,Quality System,202,2024-06-09,2024-09-07,,Overdue,False,,,0,False
CAPA-0088,SITE-EU-01,21,Deviation,,Minor,Communication,Root cause identified as communication deficiency in QA,CAPA initiated for minor quality event at Dublin Manufacturing,Quality System,242,2024-06-25,2024-09-23,2024-07-27,Closed,False,,,2,False
CAPA-0089,SITE-EU-01,28,Deviation,,Minor,Equipment,Root cause identified as equipment deficiency in Manufacturing,CAPA initiated for minor quality event at Dublin Manufacturing,Quality System,183,2022-08-06,2022-11-04,2022-09-24,Closed,False,,,0,False
CAPA-0090,SITE-EU-01,24,Audit,,Major,Communication,Root cause identified as communication deficiency in Regulatory,CAPA initiated for major quality event at Dublin Manufacturing,Quality System,192,2023-12-26,2024-02-24,2024-02-08,Closed,True,2024-05-08,Fail,0,False
CAPA-0091,SITE-EU-01,26,Complaint,,Minor,Equipment,Root cause identified as equipment deficiency in QA,CAPA initiated for minor quality event at Dublin Manufacturing,Quality System,266,2024-09-07,2024-12-06,2024-09-26,Closed,False,,,0,False
CAPA-0092,SITE-EU-01,27,Complaint,,Critical,Human Error,Root cause identified as human error deficiency in Manufacturing,CAPA initiated for critical quality event at Dublin Manufacturing,Quality System,162,2023-04-29,2023-05-29,2023-05-21,Closed,True,2023-08-19,Fail,0,True
CAPA-0093,SITE-EU-01,26,Complaint,,Major,System,Root cause identified as system deficiency in Regulatory,CAPA initiated for major quality event at Dublin Manufacturing,Quality System,169,2024-02-29,2024-04-29,2024-03-23,Closed,True,2024-06-21,Pass,0,False
CAPA-0094,SITE-EU-01,20,Complaint,,Minor,Training,Root cause identified as training deficiency in QA,CAPA initiated for minor quality event at Dublin Manufacturing,Quality System,215,2023-07-21,2023-10-19,2023-10-06,Closed,False,,,0,False
CAPA-0095,SITE-EU-01,28,Audit,,Critical,Procedure,Root cause identified as procedure deficiency in Regulatory,CAPA initiated for critical quality event at Dublin Manufacturing,Quality System,236,2023-07-03,2023-08-02,2023-07-18,Closed,True,2023-10-16,Pending,0,False
CAPA-0096,SITE-EU-01,19,Complaint,,Minor,Material,Root cause identified as material deficiency in Manufacturing,CAPA initiated for minor quality event at Dublin Manufacturing,Quality System,216,2024-07-12,2024-10-10,2024-09-16,Closed,False,,,0,False
CAPA-0097,SITE-EU-01,20,Deviation,,Minor,Training,Root cause identified as training deficiency in QC,CAPA initiated for minor quality event at Dublin Manufacturing,Quality System,170,2022-11-21,2023-02-19,2023-01-28,Closed,False,,,0,False
CAPA-0098,SITE-EU-01,25,Inspection,,Minor,Procedure,Root cause identified as procedure deficiency in Regulatory,CAPA initiated for minor quality event at Dublin Manufacturing,Quality System,212,2023-02-18,2023-05-19,,Overdue,False,,,1,False
CAPA-0099,SITE-EU-01,22,Audit,,Minor,Procedure,Root cause identified as procedure deficiency in Manufacturing,CAPA initiated for minor quality event at Dublin Manufacturing,Quality System,177,2022-03-16,2022-06-14,2022-04-11,Closed,False,,,1,False
CAPA-0100,SITE-EU-01,27,Self-Identified,,Minor,System,Root cause identified as system deficiency in Regulatory,CAPA initiated for minor quality event at Dublin Manufacturing,Quality System,244,2024-06-15,2024-09-13,2024-09-28,Closed,False,,,1,False
CAPA-0101,SITE-EU-01,28,Complaint,,Major,Human Error,Root cause identified as human error deficiency in Manufacturing,CAPA initiated for major quality event at Dublin Manufacturing,Quality System,175,2024-05-10,2024-07-09,,Overdue,True,,,1,False
CAPA-0102,SITE-EU-01,28,Complaint,,Minor,Communication,Root cause identified as communication deficiency in Manufacturing,CAPA initiated for minor quality event at Dublin Manufacturing,Quality System,190,2022-07-07,2022-10-05,2022-07-15,Closed,False,,,0,False
CAPA-0103,SITE-EU-01,26,Inspection,,Major,Human Error,Root cause identified as human error deficiency in QC,CAPA initiated for major quality event at Dublin Manufacturing,Quality System,197,2022-09-13,2022-11-12,2022-10-10,Closed,True,2023-01-08,Pass,0,False
CAPA-0104,SITE-EU-01,27,Inspection,,Minor,Training,Root cause identified as training deficiency in Regulatory,CAPA initiated for minor quality event at Dublin Manufacturing,Quality System,200,2024-07-23,2024-10-21,2024-10-27,Closed,False,,,0,False
CAPA-0105,SITE-EU-01,26,Self-Identified,,Minor,Equipment,Root cause identified as equipment deficiency in Regulatory,CAPA initiated for minor quality event at Dublin Manufacturing,Quality System,279,2023-09-26,2023-12-25,,Overdue,False,,,0,False
CAPA-0106,SITE-EU-01,19,Complaint,,Minor,Human Error,Root cause identified as human error deficiency in QC,CAPA initiated for minor quality event at Dublin Manufacturing,Quality System,165,2023-09-26,2023-12-25,2023-11-19,Closed,False,,,0,False
CAPA-0107,SITE-EU-01,25,Complaint,,Major,Training,Root cause identified as training deficiency in Regulatory,CAPA initiated for major quality event at Dublin Manufacturing,Quality System,239,2022-02-17,2022-04-18,2022-03-24,Closed,True,2022-06-22,Pass,0,False
CAPA-0108,SITE-EU-01,25,Deviation,,Major,Procedure,Root cause identified as procedure deficiency in QC,CAPA initiated for major quality event at Dublin Manufacturing,Quality System,187,2024-08-09,2024-10-08,2024-09-24,Closed,True,2024-12-23,Pass,0,False
CAPA-0109,SITE-EU-01,26,Inspection,,Minor,Training,Root cause identified as training deficiency in Manufacturing,CAPA initiated for minor quality event at Dublin Manufacturing,Quality System,215,2024-01-30,2024-04-29,2024-03-19,Closed,False,,,0,False
CAPA-0110,SITE-EU-01,27,Self-Identified,,Major,Human Error,Root cause identified as human error deficiency in QC,CAPA initiated for major quality event at Dublin Manufacturing,Quality System,239,2023-09-06,2023-11-05,2023-09-29,Closed,True,2023-12-28,Pass,0,False
CAPA-0111,SITE-EU-01,23,Deviation,,Major,Material,Root cause identified as material deficiency in QC,CAPA initiated for major quality event at Dublin Manufacturing,Quality System,251,2023-07-31,2023-09-29,2023-08-26,Closed,True,2023-11-24,Pass,1,False
CAPA-0112,SITE-EU-01,28,Deviation,,Minor,Human Error,Root cause identified as human error deficiency in QC,CAPA initiated for minor quality event at Dublin Manufacturing,Quality System,196,2022-05-30,2022-08-28,2022-09-20,Closed,False,,,0,False
CAPA-0113,SITE-EU-01,27,Deviation,,Major,Procedure,Root cause identified as procedure deficiency in Manufacturing,CAPA initiated for major quality event at Dublin Manufacturing,Quality System,189,2024-07-12,2024-09-10,2024-08-12,Closed,True,2024-11-10,Pass,0,False
CAPA-0114,SITE-EU-01,27,Self-Identified,,Minor,Communication,Root cause identified as communication deficiency in QC,CAPA initiated for minor quality event at Dublin Manufacturing,Quality System,173,2023-11-04,2024-02-02,2023-12-06,Closed,False,,,0,False
CAPA-0115,SITE-EU-01,26,Deviation,,Major,Communication,Root cause identified as communication deficiency in QA,CAPA initiated for major quality event at Dublin Manufacturing,Quality System,249,2023-05-26,2023-07-25,,Overdue,True,,,0,False
CAPA-0116,SITE-EU-01,24,Deviation,,Major,Procedure,Root cause identified as procedure deficiency in QC,CAPA initiated for major quality event at Dublin Manufacturing,Quality System,241,2022-12-21,2023-02-19,2023-03-06,Closed,True,2023-06-04,Pass,1,False
CAPA-0117,SITE-EU-01,19,Complaint,,Major,Training,Root cause identified as training deficiency in QC,CAPA initiated for major quality event at Dublin Manufacturing,Quality System,233,2024-04-25,2024-06-24,2024-06-18,Closed,True,2024-09-16,Pass,0,False
CAPA-0118,SITE-EU-01,21,Complaint,,Major,Equipment,Root cause identified as equipment deficiency in QA,CAPA initiated for major quality event at Dublin Manufacturing,Quality System,178,2023-09-16,2023-11-15,2023-10-05,Closed,True,2024-01-03,Pass,0,False
CAPA-0119,SITE-EU-01,22,Complaint,,Minor,Equipment,Root cause identified as equipment deficiency in QC,CAPA initiated for minor quality event at Dublin Manufacturing,Quality System,241,2023-02-22,2023-05-23,2023-04-13,Closed,False,,,0,False
CAPA-0120,SITE-EU-01,20,Complaint,,Minor,Human Error,Root cause identified as human error deficiency in QC,CAPA initiated for minor quality event at Dublin Manufacturing,Quality System,231,2024-08-23,2024-11-21,2024-09-07,Closed,False,,,0,False
CAPA-0121,SITE-EU-01,27,Self-Identified,,Major,Training,Root cause identified as training deficiency in QC,CAPA initiated for major quality event at Dublin Manufacturing,Quality System,167,2023-09-04,2023-11-03,2023-09-23,Closed,True,2023-12-22,Fail,0,False
CAPA-0122,SITE-EU-01,23,Inspection,,Minor,Training,Root cause identified as training deficiency in QC,CAPA initiated for minor quality event at Dublin Manufacturing,Quality System,184,2023-08-31,2023-11-29,2023-09-22,Closed,False,,,0,False
CAPA-0123,SITE-EU-01,25,Self-Identified,,Major,System,Root cause identified as system deficiency in Regulatory,CAPA initiated for major quality event at Dublin Manufacturing,Quality System,261,2023-06-27,2023-08-26,2023-09-07,Closed,True,2023-12-06,Fail,0,False
CAPA-0124,SITE-EU-01,21,Self-Identified,,Critical,Communication,Root cause identified as communication deficiency in QC,CAPA initiated for critical quality event at Dublin Manufacturing,Quality System,209,2022-02-27,2022-03-29,,Overdue,True,,,0,False
CAPA-0125,SITE-EU-01,26,Inspection,,Major,Training,Root cause identified as training deficiency in QC,CAPA initiated for major quality event at Dublin Manufacturing,Quality System,169,2022-04-13,2022-06-12,,Overdue,True,,,0,False
CAPA-0126,SITE-EU-01,19,Deviation,,Major,Procedure,Root cause identified as procedure deficiency in Manufacturing,CAPA initiated for major quality event at Dublin Manufacturing,Quality System,229,2024-08-11,2024-10-10,,Overdue,True,,,0,False
CAPA-0127,SITE-EU-01,24,Deviation,,Minor,Human Error,Root cause identified as human error deficiency in Regulatory,CAPA initiated for minor quality event at Dublin Manufacturing,Quality System,257,2024-01-21,2024-04-20,2024-04-13,Closed,False,,,0,False
CAPA-0128,SITE-EU-02,29,Deviation,,Major,Material,Root cause identified as material deficiency in QC,CAPA initiated for major quality event at Frankfurt QC Laboratory,Quality System,306,2022-11-23,2023-01-22,2023-01-06,Closed,True,2023-04-06,Pass,0,False
CAPA-0129,SITE-EU-02,33,Inspection,,Major,Training,Root cause identified as training deficiency in Regulatory,CAPA initiated for major quality event at Frankfurt QC Laboratory,Quality System,309,2022-08-09,2022-10-08,,Overdue,True,,,0,False
CAPA-0130,SITE-EU-02,36,Inspection,,Minor,Procedure,Root cause identified as procedure deficiency in Manufacturing,CAPA initiated for minor quality event at Frankfurt QC Laboratory,Quality System,311,2022-05-19,2022-08-17,2022-07-21,Closed,False,,,0,False
CAPA-0131,SITE-EU-02,32,Audit,,Minor,Training,Root cause identified as training deficiency in QA,CAPA initiated for minor quality event at Frankfurt QC Laboratory,Quality System,292,2023-12-13,2024-03-12,2023-12-25,Closed,False,,,0,False
CAPA-0132,SITE-EU-02,33,Deviation,,Minor,Training,Root cause identified as training deficiency in QA,CAPA initiated for minor quality event at Frankfurt QC Laboratory,Quality System,289,2023-04-18,2023-07-17,2023-06-24,Closed,False,,,0,False
CAPA-0133,SITE-EU-02,29,Audit,,Minor,Material,Root cause identified as material deficiency in Regulatory,CAPA initiated for minor quality event at Frankfurt QC Laboratory,Quality System,291,2023-08-30,2023-11-28,,Overdue,False,,,0,False
CAPA-0134,SITE-EU-02,35,Complaint,,Minor,Training,Root cause identified as training deficiency in Regulatory,CAPA initiated for minor quality event at Frankfurt QC Laboratory,Quality System,287,2022-12-01,2023-03-01,2023-03-17,Closed,False,,,0,False
CAPA-0135,SITE-EU-02,31,Complaint,,Minor,Procedure,Root cause identified as procedure deficiency in QA,CAPA initiated for minor quality event at Frankfurt QC Laboratory,Quality System,305,2024-09-02,2024-12-01,2024-10-10,Closed,False,,,0,False
CAPA-0136,SITE-EU-02,31,Complaint,,Minor,Training,Root cause identified as training deficiency in QA,CAPA initiated for minor quality event at Frankfurt QC Laboratory,Quality System,292,2024-01-07,2024-04-06,2024-03-08,Closed,False,,,0,False
CAPA-0137,SITE-EU-02,33,Complaint,,Major,System,Root cause identified as system deficiency in Manufacturing,CAPA initiated for major quality event at Frankfurt QC Laboratory,Quality System,296,2022-11-15,2023-01-14,2023-01-09,Closed,True,2023-04-09,Pass,0,False
CAPA-0138,SITE-EU-02,31,Audit,,Minor,Training,Root cause identified as training deficiency in QA,CAPA initiated for minor quality event at Frankfurt QC Laboratory,Quality System,284,2023-01-20,2023-04-20,,Overdue,False,,,0,False
CAPA-0139,SITE-EU-02,35,Self-Identified,,Minor,Training,Root cause identified as training deficiency in QA,CAPA initiated for minor quality event at Frankfurt QC Laboratory,Quality System,285,2022-09-02,2022-12-01,,Overdue,False,,,0,False
CAPA-0140,SITE-EU-02,32,Self-Identified,,Minor,Equipment,Root cause identified as equipment deficiency in Manufacturing,CAPA initiated for minor quality event at Frankfurt QC Laboratory,Quality System,303,2024-07-19,2024-10-17,,Overdue,False,,,0,False
CAPA-0141,SITE-EU-02,30,Inspection,,Minor,Training,Root cause identified as training deficiency in QA,CAPA initiated for minor quality event at Frankfurt QC Laboratory,Quality System,292,2022-08-01,2022-10-30,2022-09-20,Closed,False,,,0,False
CAPA-0142,SITE-EU-02,31,Deviation,,Major,Training,Root cause identified as training deficiency in QA,CAPA initiated for major quality event at Frankfurt QC Laboratory,Quality System,304,2022-12-26,2023-02-24,2023-01-16,Closed,True,2023-04-16,Fail,0,False
CAPA-0143,SITE-EU-02,35,Deviation,,Major,System,Root cause identified as system deficiency in Manufacturing,CAPA initiated for major quality event at Frankfurt QC Laboratory,Quality System,281,2022-11-03,2023-01-02,2022-11-28,Closed,True,2023-02-26,Pass,0,False
CAPA-0144,SITE-EU-02,36,Self-Identified,,Major,Procedure,Root cause identified as procedure deficiency in QC,CAPA initiated for major quality event at Frankfurt QC Laboratory,Quality System,281,2023-02-05,2023-04-06,2023-02-11,Closed,True,2023-05-12,Pass,0,False
CAPA-0145,SITE-EU-02,30,Self-Identified,,Minor,Material,Root cause identified as material deficiency in QC,CAPA initiated for minor quality event at Frankfurt QC Laboratory,Quality System,293,2022-02-12,2022-05-13,2022-04-06,Closed,False,,,0,False
CAPA-0146,SITE-EU-02,31,Self-Identified,,Minor,Procedure,Root cause identified as procedure deficiency in QC,CAPA initiated for minor quality event at Frankfurt QC Laboratory,Quality System,307,2024-07-06,2024-10-04,2024-08-30,Closed,False,,,0,False
CAPA-0147,SITE-EU-02,34,Self-Identified,,Major,Material,Root cause identified as material deficiency in Manufacturing,CAPA initiated for major quality event at Frankfurt QC Laboratory,Quality System,282,2023-04-23,2023-06-22,2023-05-18,Closed,True,2023-08-16,Pass,0,False
CAPA-0148,SITE-EU-02,31,Deviation,,Major,Training,Root cause identified as training deficiency in QC,CAPA initiated for major quality event at Frankfurt QC Laboratory,Quality System,288,2024-03-28,2024-05-27,2024-04-10,Closed,True,2024-07-09,Pass,0,False
CAPA-0149,SITE-EU-02,32,Inspection,,Major,System,Root cause identified as system deficiency in Manufacturing,CAPA initiated for major quality event at Frankfurt QC Laboratory,Quality System,310,2024-04-20,2024-06-19,2024-06-12,Closed,True,2024-09-10,Pass,0,False
CAPA-0150,SITE-EU-02,29,Inspection,,Minor,System,Root cause identified as system deficiency in Regulatory,CAPA initiated for minor quality event at Frankfurt QC Laboratory,Quality System,285,2022-11-12,2023-02-10,2022-12-24,Closed,False,,,1,False
CAPA-0151,SITE-EU-02,32,Audit,,Minor,Equipment,Root cause identified as equipment deficiency in Manufacturing,CAPA initiated for minor quality event at Frankfurt QC Laboratory,Quality System,315,2023-11-18,2024-02-16,2024-03-13,Closed,False,,,0,False
CAPA-0152,SITE-EU-02,30,Deviation,,Critical,Material,Root cause identified as material deficiency in Manufacturing,CAPA initiated for critical quality event at Frankfurt QC Laboratory,Quality System,287,2022-03-24,2022-04-23,2022-04-05,Closed,True,2022-07-04,Pending,0,True
CAPA-0153,SITE-EU-02,35,Self-Identified,,Major,Material,Root cause identified as material deficiency in Regulatory,CAPA initiated for major quality event at Frankfurt QC Laboratory,Quality System,315,2022-06-06,2022-08-05,2022-06-18,Closed,True,2022-09-16,Pass,0,False
CAPA-0154,SITE-EU-02,29,Inspection,,Major,Equipment,Root cause identified as equipment deficiency in QC,CAPA initiated for major quality event at Frankfurt QC Laboratory,Quality System,300,2024-04-02,2024-06-01,2024-04-14,Closed,True,2024-07-13,Pass,0,False
CAPA-0155,SITE-EU-02,36,Deviation,,Critical,Human Error,Root cause identified as human error deficiency in QC,CAPA initiated for critical quality event at Frankfurt QC Laboratory,Quality System,314,2022-01-02,2022-02-01,2022-01-23,Closed,True,2022-04-23,Pass,0,False
CAPA-0156,SITE-EU-02,35,Deviation,,Minor,Material,Root cause identified as material deficiency in Manufacturing,CAPA initiated for minor quality event at Frankfurt QC Laboratory,Quality System,299,2024-03-05,2024-06-03,2024-04-18,Closed,False,,,0,False
CAPA-0157,SITE-EU-02,29,Complaint,,Major,Training,Root cause identified as training deficiency in QA,CAPA initiated for major quality event at Frankfurt QC Laboratory,Quality System,283,2023-01-05,2023-03-06,2023-01-19,Closed,True,2023-04-19,Pass,0,False
CAPA-0158,SITE-EU-02,30,Audit,,Minor,Training,Root cause identified as training deficiency in Regulatory,CAPA initiated for minor quality event at Frankfurt QC Laboratory,Quality System,320,2023-06-03,2023-09-01,,Overdue,False,,,0,False
CAPA-0159,SITE-EU-02,33,Self-Identified,,Major,Equipment,Root cause identified as equipment deficiency in QA,CAPA initiated for major quality event at Frankfurt QC Laboratory,Quality System,291,2024-07-03,2024-09-01,,Overdue,True,,,0,False
CAPA-0160,SITE-EU-02,35,Audit,,Minor,Training,Root cause identified as training deficiency in Manufacturing,CAPA initiated for minor quality event at Frankfurt QC Laboratory,Quality System,281,2024-11-18,2025-02-16,2024-11-30,Closed,False,,,0,False
CAPA-0161,SITE-EU-02,32,Self-Identified,,Critical,Material,Root cause identified as material deficiency in Regulatory,CAPA initiated for critical quality event at Frankfurt QC Laboratory,Quality System,293,2022-05-08,2022-06-07,,Overdue,True,,,0,False
CAPA-0162,SITE-EU-02,32,Self-Identified,,Major,Training,Root cause identified as training deficiency in QA,CAPA initiated for major quality event at Frankfurt QC Laboratory,Quality System,303,2022-01-08,2022-03-09,2022-01-30,Closed,True,2022-04-30,Pass,0,False
CAPA-0163,SITE-EU-02,29,Audit,,Minor,System,Root cause identified as system deficiency in Regulatory,CAPA initiated for minor quality event at Frankfurt QC Laboratory,Quality System,306,2022-11-28,2023-02-26,,Overdue,False,,,0,False
CAPA-0164,SITE-EU-02,31,Self-Identified,,Minor,Human Error,Root cause identified as human error deficiency in Manufacturing,CAPA initiated for minor quality event at Frankfurt QC Laboratory,Quality System,313,2024-12-29,2025-03-29,2025-02-27,Closed,False,,,1,False
CAPA-0165,SITE-EU-02,35,Audit,,Minor,Training,Root cause identified as training deficiency in QC,CAPA initiated for minor quality event at Frankfurt QC Laboratory,Quality System,288,2024-02-29,2024-05-29,,Overdue,False,,,0,False
CAPA-0166,SITE-EU-02,29,Audit,,Major,Procedure,Root cause identified as procedure deficiency in Manufacturing,CAPA initiated for major quality event at Frankfurt QC Laboratory,Quality System,290,2024-04-04,2024-06-03,2024-06-25,Closed,True,2024-09-23,Pass,0,False
CAPA-0167,SITE-EU-02,32,Complaint,,Major,System,Root cause identified as system deficiency in Manufacturing,CAPA initiated for major quality event at Frankfurt QC Laboratory,Quality System,310,2022-11-18,2023-01-17,2022-11-29,Closed,True,2023-02-27,Pass,0,False
CAPA-0168,SITE-EU-02,36,Inspection,,Minor,Procedure,Root cause identified as procedure deficiency in QA,CAPA initiated for minor quality event at Frankfurt QC Laboratory,Quality System,283,2022-05-10,2022-08-08,2022-05-17,Closed,False,,,1,False
CAPA-0169,SITE-EU-02,30,Complaint,,Minor,Training,Root cause identified as training deficiency in Manufacturing,CAPA initiated for minor quality event at Frankfurt QC Laboratory,Quality System,285,2024-05-15,2024-08-13,2024-06-10,Closed,False,,,1,False
CAPA-0170,SITE-EU-02,34,Self-Identified,,Minor,Human Error,Root cause identified as human error deficiency in Regulatory,CAPA initiated for minor quality event at Frankfurt QC Laboratory,Quality System,318,2022-09-18,2022-12-17,2022-11-20,Closed,False,,,0,False
CAPA-0171,SITE-EU-02,31,Inspection,,Minor,Training,Root cause identified as training deficiency in Regulatory,CAPA initiated for minor quality event at Frankfurt QC Laboratory,Quality System,304,2024-12-28,2025-03-28,2025-03-06,Closed,False,,,0,False
CAPA-0172,SITE-EU-02,30,Deviation,,Minor,System,Root cause identified as system deficiency in QC,CAPA initiated for minor quality event at Frankfurt QC Laboratory,Quality System,309,2024-03-28,2024-06-26,,Overdue,False,,,0,False
CAPA-0173,SITE-EU-02,33,Inspection,,Major,Procedure,Root cause identified as procedure deficiency in QA,CAPA initiated for major quality event at Frankfurt QC Laboratory,Quality System,309,2023-02-23,2023-04-24,2023-03-10,Closed,True,2023-06-08,Pass,0,False
CAPA-0174,SITE-EU-02,35,Inspection,,Minor,Equipment,Root cause identified as equipment deficiency in QC,CAPA initiated for minor quality event at Frankfurt QC Laboratory,Quality System,285,2022-10-07,2023-01-05,2022-12-31,Closed,False,,,0,False
CAPA-0175,SITE-EU-02,33,Inspection,,Minor,Equipment,Root cause identified as equipment deficiency in QC,CAPA initiated for minor quality event at Frankfurt QC Laboratory,Quality System,316,2024-06-15,2024-09-13,2024-09-18,Closed,False,,,0,False
CAPA-0176,SITE-EU-02,32,Self-Identified,,Minor,Procedure,Root cause identified as procedure deficiency in QC,CAPA initiated for minor quality event at Frankfurt QC Laboratory,Quality System,288,2023-12-22,2024-03-21,,Overdue,False,,,0,False
CAPA-0177,SITE-EU-02,30,Inspection,,Minor,Procedure,Root cause identified as procedure deficiency in QC,CAPA initiated for minor quality event at Frankfurt QC Laboratory,Quality System,318,2024-04-21,2024-07-20,2024-07-15,Closed,False,,,0,False
CAPA-0178,SITE-EU-02,35,Audit,,Critical,Training,Root cause identified as training deficiency in QC,CAPA initiated for critical quality event at Frankfurt QC Laboratory,Quality System,291,2024-12-29,2025-01-28,2025-02-21,Closed,True,2025-05-22,Pass,0,False
CAPA-0179,SITE-EU-02,29,Audit,,Major,Procedure,Root cause identified as procedure deficiency in Manufacturing,CAPA initiated for major quality event at Frankfurt QC Laboratory,Quality System,298,2022-03-06,2022-05-05,2022-04-05,Closed,True,2022-07-04,Pass,0,False
CAPA-0180,SITE-EU-02,32,Audit,,Major,Human Error,Root cause identified as human error deficiency in QC,CAPA initiated for major quality event at Frankfurt QC Laboratory,Quality System,311,2023-06-02,2023-08-01,2023-08-23,Closed,True,2023-11-21,Pass,0,False
CAPA-0181,SITE-EU-02,32,Audit,,Minor,Equipment,Root cause identified as equipment deficiency in Manufacturing,CAPA initiated for minor quality event at Frankfurt QC Laboratory,Quality System,309,2023-05-01,2023-07-30,2023-05-19,Closed,False,,,0,False
CAPA-0182,SITE-EU-02,35,Audit,,Minor,Procedure,Root cause identified as procedure deficiency in QC,CAPA initiated for minor quality event at Frankfurt QC Laboratory,Quality System,294,2024-01-29,2024-04-28,2024-05-24,Closed,False,,,0,False
CAPA-0183,SITE-EU-02,33,Self-Identified,,Minor,Procedure,Root cause identified as procedure deficiency in Manufacturing,CAPA initiated for minor quality event at Frankfurt QC Laboratory,Quality System,309,2022-02-05,2022-05-06,,Overdue,False,,,0,False
CAPA-0184,SITE-EU-02,30,Self-Identified,,Major,Human Error,Root cause identified as human error deficiency in Regulatory,CAPA initiated for major quality event at Frankfurt QC Laboratory,Quality System,291,2023-08-26,2023-10-25,2023-09-30,Closed,True,2023-12-29,Pass,1,False
CAPA-0185,SITE-EU-02,32,Complaint,,Critical,Human Error,Root cause identified as human error deficiency in QC,CAPA initiated for critical quality event at Frankfurt QC Laboratory,Quality System,300,2022-03-13,2022-04-12,2022-04-28,Closed,True,2022-07-27,Pending,0,True
CAPA-0186,SITE-EU-02,34,Deviation,,Major,Equipment,Root cause identified as equipment deficiency in QC,CAPA initiated for major quality event at Frankfurt QC Laboratory,Quality System,283,2022-03-30,2022-05-29,2022-05-01,Closed,True,2022-07-30,Pass,1,False
CAPA-0187,SITE-EU-02,36,Deviation,,Major,System,Root cause identified as system deficiency in QC,CAPA initiated for major quality event at Frankfurt QC Laboratory,Quality System,308,2022-09-16,2022-11-15,,Overdue,True,,,0,False
CAPA-0188,SITE-EU-02,32,Deviation,,Major,Training,Root cause identified as training deficiency in QC,CAPA initiated for major quality event at Frankfurt QC Laboratory,Quality System,309,2023-01-01,2023-03-02,,Overdue,True,,,0,False
CAPA-0189,SITE-EU-02,34,Complaint,,Major,Equipment,Root cause identified as equipment deficiency in Manufacturing,CAPA initiated for major quality event at Frankfurt QC Laboratory,Quality System,319,2022-03-02,2022-05-01,2022-03-26,Closed,True,2022-06-24,Pass,0,False
CAPA-0190,SITE-EU-02,29,Inspection,,Critical,Training,Root cause identified as training deficiency in QA,CAPA initiated for critical quality event at Frankfurt QC Laboratory,Quality System,289,2022-12-16,2023-01-15,,Overdue,True,,,0,True
CAPA-0191,SITE-EU-02,35,Deviation,,Major,Training,Root cause identified as training deficiency in Manufacturing,CAPA initiated for major quality event at Frankfurt QC Laboratory,Quality System,286,2023-12-14,2024-02-12,2024-01-26,Closed,True,2024-04-25,Pending,0,False
CAPA-0192,SITE-EU-02,31,Inspection,,Minor,Training,Root cause identified as training deficiency in Regulatory,CAPA initiated for minor quality event at Frankfurt QC Laboratory,Quality System,291,2022-05-20,2022-08-18,,Overdue,False,,,0,False
CAPA-0193,SITE-AP-01,42,Self-Identified,,Minor,Equipment,Root cause identified as equipment deficiency in QC,CAPA initiated for minor quality event at Hyderabad API Manufacturing,Quality System,342,2023-07-09,2023-10-07,2023-08-27,Closed,False,,,0,False
CAPA-0194,SITE-AP-01,38,Inspection,,Minor,Training,Root cause identified as training deficiency in QA,CAPA initiated for minor quality event at Hyderabad API Manufacturing,Quality System,385,2023-01-06,2023-04-06,2023-02-24,Closed,False,,,1,False
CAPA-0195,SITE-AP-01,37,Complaint,,Minor,Procedure,Root cause identified as procedure deficiency in QC,CAPA initiated for minor quality event at Hyderabad API Manufacturing,Quality System,397,2023-11-03,2024-02-01,2023-11-15,Closed,False,,,0,False
CAPA-0196,SITE-AP-01,42,Deviation,,Major,Material,Root cause identified as material deficiency in QC,CAPA initiated for major quality event at Hyderabad API Manufacturing,Quality System,377,2022-07-09,2022-09-07,2022-07-28,Closed,True,2022-10-26,Fail,0,False
CAPA-0197,SITE-AP-01,41,Self-Identified,,Major,Equipment,Root cause identified as equipment deficiency in Regulatory,CAPA initiated for major quality event at Hyderabad API Manufacturing,Quality System,346,2023-08-29,2023-10-28,,Overdue,True,,,0,False
CAPA-0198,SITE-AP-01,44,Self-Identified,,Major,Training,Root cause identified as training deficiency in QA,CAPA initiated for major quality event at Hyderabad API Manufacturing,Quality System,349,2023-06-17,2023-08-16,,Overdue,True,,,0,False
CAPA-0199,SITE-AP-01,45,Self-Identified,,Major,Training,Root cause identified as training deficiency in Manufacturing,CAPA initiated for major quality event at Hyderabad API Manufacturing,Quality System,375,2023-02-04,2023-04-05,2023-05-05,Closed,True,2023-08-03,Pending,0,False
CAPA-0200,SITE-AP-01,44,Self-Identified,,Minor,Training,Root cause identified as training deficiency in Regulatory,CAPA initiated for minor quality event at Hyderabad API Manufacturing,Quality System,346,2024-11-16,2025-02-14,2025-01-31,Closed,False,,,0,False
CAPA-0201,SITE-AP-01,44,Complaint,,Major,Training,Root cause identified as training deficiency in Regulatory,CAPA initiated for major quality event at Hyderabad API Manufacturing,Quality System,362,2022-01-20,2022-03-21,2022-03-09,Closed,True,2022-06-07,Fail,0,False
CAPA-0202,SITE-AP-01,38,Complaint,,Minor,Training,Root cause identified as training deficiency in Regulatory,CAPA initiated for minor quality event at Hyderabad API Manufacturing,Quality System,408,2023-03-12,2023-06-10,2023-05-21,Closed,False,,,0,False
CAPA-0203,SITE-AP-01,43,Deviation,,Major,Material,Root cause identified as material deficiency in Regulatory,CAPA initiated for major quality event at Hyderabad API Manufacturing,Quality System,396,2024-09-06,2024-11-05,2024-09-16,Closed,True,2024-12-15,Pending,0,False
CAPA-0204,SITE-AP-01,41,Inspection,,Major,Training,Root cause identified as training deficiency in Regulatory,CAPA initiated for major quality event at Hyderabad API Manufacturing,Quality System,354,2023-09-28,2023-11-27,,Overdue,True,,,0,False
CAPA-0205,SITE-AP-01,45,Self-Identified,,Critical,System,Root cause identified as system deficiency in QC,CAPA initiated for critical quality event at Hyderabad API Manufacturing,Quality System,382,2023-12-01,2023-12-31,2023-12-06,Closed,True,2024-03-05,Pass,0,True
CAPA-0206,SITE-AP-01,43,Self-Identified,,Minor,Material,Root cause identified as material deficiency in QC,CAPA initiated for minor quality event at Hyderabad API Manufacturing,Quality System,436,2023-04-25,2023-07-24,2023-05-12,Closed,False,,,0,False
CAPA-0207,SITE-AP-01,46,Inspection,,Major,Material,Root cause identified as material deficiency in QC,CAPA initiated for major quality event at Hyderabad API Manufacturing,Quality System,377,2023-08-12,2023-10-11,2023-09-18,Closed,True,2023-12-17,Pass,0,False
CAPA-0208,SITE-AP-01,42,Self-Identified,,Minor,Procedure,Root cause identified as procedure deficiency in Manufacturing,CAPA initiated for minor quality event at Hyderabad API Manufacturing,Quality System,387,2024-01-30,2024-04-29,,Overdue,False,,,0,False
CAPA-0209,SITE-AP-01,45,Self-Identified,,Minor,Material,Root cause identified as material deficiency in QA,CAPA initiated for minor quality event at Hyderabad API Manufacturing,Quality System,425,2022-08-16,2022-11-14,2022-12-03,Closed,False,,,0,False
CAPA-0210,SITE-AP-01,42,Self-Identified,,Major,Human Error,Root cause identified as human error deficiency in QC,CAPA initiated for major quality event at Hyderabad API Manufacturing,Quality System,438,2022-10-09,2022-12-08,2022-11-11,Closed,True,2023-02-09,Pending,0,False
CAPA-0211,SITE-AP-01,44,Deviation,,Minor,Material,Root cause identified as material deficiency in Regulatory,CAPA initiated for minor quality event at Hyderabad API Manufacturing,Quality System,387,2023-11-05,2024-02-03,,Overdue,False,,,0,False
CAPA-0212,SITE-AP-01,43,Self-Identified,,Critical,Equipment,Root cause identified as equipment deficiency in QA,CAPA initiated for critical quality event at Hyderabad API Manufacturing,Quality System,420,2022-08-03,2022-09-02,2022-08-14,Closed,True,2022-11-12,Pass,0,True
CAPA-0213,SITE-AP-01,37,Self-Identified,,Minor,Equipment,Root cause identified as equipment deficiency in Manufacturing,CAPA initiated for minor quality event at Hyderabad API Manufacturing,Quality System,427,2024-10-03,2025-01-01,2024-11-20,Closed,False,,,1,False
CAPA-0214,SITE-AP-01,43,Self-Identified,,Major,Equipment,Root cause identified as equipment deficiency in Manufacturing,CAPA initiated for major quality event at Hyderabad API Manufacturing,Quality System,349,2022-08-04,2022-10-03,2022-08-18,Closed,True,2022-11-16,Fail,0,False
CAPA-0215,SITE-AP-01,37,Inspection,,Critical,Procedure,Root cause identified as procedure deficiency in QA,CAPA initiated for critical quality event at Hyderabad API Manufacturing,Quality System,419,2024-02-05,2024-03-06,,Overdue,True,,,0,False
CAPA-0216,SITE-AP-01,46,Audit,,Major,Training,Root cause identified as training deficiency in QA,CAPA initiated for major quality event at Hyderabad API Manufacturing,Quality System,352,2023-10-15,2023-12-14,2024-01-11,Closed,True,2024-04-10,Pending,0,False
CAPA-0217,SITE-AP-01,38,Deviation,,Major,System,Root cause identified as system deficiency in Regulatory,CAPA initiated for major quality event at Hyderabad API Manufacturing,Quality System,326,2024-12-26,2025-02-24,2025-01-08,Closed,True,2025-04-08,Pass,0,False
CAPA-0218,SITE-AP-01,42,Audit,,Major,Material,Root cause identified as material deficiency in Manufacturing,CAPA initiated for major quality event at Hyderabad API Manufacturing,Quality System,359,2024-12-23,2025-02-21,2025-03-14,Closed,True,2025-06-12,Pass,0,False
CAPA-0219,SITE-AP-01,40,Inspection,,Major,Material,Root cause identified as material deficiency in Regulatory,CAPA initiated for major quality event at Hyderabad API Manufacturing,Quality System,338,2024-08-02,2024-10-01,2024-09-20,Closed,True,2024-12-19,Pending,0,False
CAPA-0220,SITE-AP-01,40,Self-Identified,,Major,Equipment,Root cause identified as equipment deficiency in QA,CAPA initiated for major quality event at Hyderabad API Manufacturing,Quality System,411,2022-06-11,2022-08-10,2022-07-11,Closed,True,2022-10-09,Pass,0,False
CAPA-0221,SITE-AP-01,43,Audit,,Minor,Communication,Root cause identified as communication deficiency in QC,CAPA initiated for minor quality event at Hyderabad API Manufacturing,Quality System,402,2023-11-15,2024-02-13,,Overdue,False,,,0,False
CAPA-0222,SITE-AP-01,44,Self-Identified,,Minor,Human Error,Root cause identified as human error deficiency in Manufacturing,CAPA initiated for minor quality event at Hyderabad API Manufacturing,Quality System,366,2023-08-21,2023-11-19,2023-10-14,Closed,False,,,0,False
CAPA-0223,SITE-AP-01,37,Deviation,,Minor,Procedure,Root cause identified as procedure deficiency in Manufacturing,CAPA initiated for minor quality event at Hyderabad API Manufacturing,Quality System,381,2023-12-12,2024-03-11,2024-01-17,Closed,False,,,0,False
CAPA-0224,SITE-AP-01,43,Inspection,,Major,Procedure,Root cause identified as procedure deficiency in QA,CAPA initiated for major quality event at Hyderabad API Manufacturing,Quality System,364,2024-09-22,2024-11-21,2024-11-04,Closed,True,2025-02-02,Pending,0,False
CAPA-0225,SITE-AP-01,43,Audit,,Major,Training,Root cause identified as training deficiency in QA,CAPA initiated for major quality event at Hyderabad API Manufacturing,Quality System,435,2023-08-28,2023-10-27,2023-09-18,Closed,True,2023-12-17,Pass,0,False
CAPA-0226,SITE-AP-01,41,Inspection,,Minor,Equipment,Root cause identified as equipment deficiency in QC,CAPA initiated for minor quality event at Hyderabad API Manufacturing,Quality System,326,2024-08-03,2024-11-01,2024-09-19,Closed,False,,,0,False
CAPA-0227,SITE-AP-01,40,Audit,,Minor,Training,Root cause identified as training deficiency in QC,CAPA initiated for minor quality event at Hyderabad API Manufacturing,Quality System,339,2024-02-04,2024-05-04,2024-04-18,Closed,False,,,0,False
CAPA-0228,SITE-AP-01,41,Complaint,,Major,Human Error,Root cause identified as human error deficiency in Regulatory,CAPA initiated for major quality event at Hyderabad API Manufacturing,Quality System,335,2024-09-23,2024-11-22,2024-10-30,Closed,True,2025-01-28,Pass,0,False
CAPA-0229,SITE-AP-01,46,Audit,,Minor,Human Error,Root cause identified as human error deficiency in Regulatory,CAPA initiated for minor quality event at Hyderabad API Manufacturing,Quality System,384,2023-04-16,2023-07-15,,Overdue,False,,,0,False
CAPA-0230,SITE-AP-01,37,Self-Identified,,Major,Human Error,Root cause identified as human error deficiency in Manufacturing,CAPA initiated for major quality event at Hyderabad API Manufacturing,Quality System,343,2024-04-03,2024-06-02,,Overdue,True,,,1,False
CAPA-0231,SITE-AP-01,41,Complaint,,Minor,Human Error,Root cause identified as human error deficiency in QC,CAPA initiated for minor quality event at Hyderabad API Manufacturing,Quality System,335,2024-11-01,2025-01-30,,Overdue,False,,,0,False
CAPA-0232,SITE-AP-01,39,Inspection,,Minor,Equipment,Root cause identified as equipment deficiency in QA,CAPA initiated for minor quality event at Hyderabad API Manufacturing,Quality System,379,2023-05-01,2023-07-30,,Overdue,False,,,1,False
CAPA-0233,SITE-AP-01,38,Inspection,,Minor,Communication,Root cause identified as communication deficiency in QC,CAPA initiated for minor quality event at Hyderabad API Manufacturing,Quality System,420,2023-06-29,2023-09-27,2023-09-12,Closed,False,,,2,False
CAPA-0234,SITE-AP-01,38,Self-Identified,,Major,Equipment,Root cause identified as equipment deficiency in Regulatory,CAPA initiated for major quality event at Hyderabad API Manufacturing,Quality System,347,2022-03-13,2022-05-12,,Overdue,True,,,0,False
CAPA-0235,SITE-AP-01,41,Inspection,,Major,Material,Root cause identified as material deficiency in Regulatory,CAPA initiated for major quality event at Hyderabad API Manufacturing,Quality System,322,2024-08-20,2024-10-19,2024-09-08,Closed,True,2024-12-07,Fail,0,False
CAPA-0236,SITE-AP-01,45,Inspection,,Major,Human Error,Root cause identified as human error deficiency in QA,CAPA initiated for major quality event at Hyderabad API Manufacturing,Quality System,344,2022-07-13,2022-09-11,2022-09-19,Closed,True,2022-12-18,Pass,0,False
CAPA-0237,SITE-AP-01,39,Deviation,,Major,Human Error,Root cause identified as human error deficiency in QA,CAPA initiated for major quality event at Hyderabad API Manufacturing,Quality System,399,2024-03-21,2024-05-20,2024-03-28,Closed,True,2024-06-26,Pass,0,False
CAPA-0238,SITE-AP-01,44,Self-Identified,,Minor,Training,Root cause identified as training deficiency in QC,CAPA initiated for minor quality event at Hyderabad API Manufacturing,Quality System,333,2023-12-31,2024-03-30,2024-02-09,Closed,False,,,0,False
CAPA-0239,SITE-AP-01,44,Self-Identified,,Major,System,Root cause identified as system deficiency in QC,CAPA initiated for major quality event at Hyderabad API Manufacturing,Quality System,333,2023-03-17,2023-05-16,2023-04-26,Closed,True,2023-07-25,Pending,0,False
CAPA-0240,SITE-AP-01,44,Deviation,,Major,Equipment,Root cause identified as equipment deficiency in Regulatory,CAPA initiated for major quality event at Hyderabad API Manufacturing,Quality System,353,2022-10-23,2022-12-22,2022-10-29,Closed,True,2023-01-27,Fail,0,False
