employee_id,employee_number,first_name,last_name,department_id,site_id,job_title,role_id,manager_id,hire_date,gmp_role,is_active,employment_type
1,EMP-00001,Siobhan,Miller,4,SITE-US-01,QA Manager,,,2019-04-06,GMP,True,Full-Time
2,EMP-00002,Fiona,Wagner,1,SITE-US-01,QA Manager,,,2019-03-31,GMP,True,Full-Time
3,EMP-00003,Friedrich,Kumar,6,SITE-US-01,Supply Chain Manager,,,2015-10-12,GMP,True,Full-Time
4,EMP-00004,Kavya,Miller,2,SITE-US-01,QC Supervisor,,,2018-02-12,GMP,True,Full-Time
5,EMP-00005,Vikram,Iyer,6,SITE-US-01,Supply Chain Manager,,,2022-08-31,GMP,True,Full-Time
6,EMP-00006,Priya,Burke,4,SITE-US-01,QC Supervisor,,,2018-01-10,Non-GMP,True,Full-Time
7,EMP-00007,Emily,Rao,6,SITE-US-01,Process Engineer,,,2015-05-12,GMP,True,Full-Time
8,EMP-00008,Patrick,Singh,10,SITE-US-01,Document Control Specialist,,,2020-08-06,GMP,True,Full-Time
9,EMP-00009,John,Reddy,5,SITE-US-01,Supply Chain Manager,,,2021-04-18,GMP,True,Full-Time
10,EMP-00010,Brigid,Walsh,10,SITE-US-01,Manufacturing Supervisor,,,2016-07-20,GMP,True,Full-Time
11,EMP-00011,Ashley,Patel,2,SITE-US-01,EHS Specialist,,,2022-08-19,GMP,True,Full-Time
12,EMP-00012,Ingrid,Nair,8,SITE-US-01,Compliance Manager,,,2015-02-17,GMP,True,Contractor
13,EMP-00013,Siobhan,Davis,5,SITE-US-01,Regulatory Affairs Specialist,,,2019-11-16,GMP,True,Full-Time
14,EMP-00014,Klaus,Sharma,5,SITE-US-01,Compliance Manager,,,2016-03-11,GMP,True,Full-Time
15,EMP-00015,Anita,Moore,10,SITE-US-01,QC Analyst,,,2023-07-21,GMP,False,Contractor
16,EMP-00016,Thomas,Murphy,1,SITE-US-01,Validation Engineer,,,2015-03-21,GMP,True,Part-Time
17,EMP-00017,Ravi,Brown,5,SITE-US-01,Manufacturing Supervisor,,,2021-05-12,Non-GMP,True,Full-Time
18,EMP-00018,Werner,Wilson,2,SITE-US-01,Manufacturing Associate,,,2022-05-26,GMP,True,Full-Time
19,EMP-00019,Niamh,Singh,10,SITE-US-01,Microbiology Analyst,,,2021-01-17,GMP,True,Full-Time
20,EMP-00020,Aoife,Gallagher,7,SITE-US-01,Microbiology Analyst,,,2020-10-20,GMP,True,Full-Time
21,EMP-00021,Sabine,Becker,1,SITE-US-01,Manufacturing Supervisor,,,2021-08-07,GMP,True,Full-Time
22,EMP-00022,Robert,Williams,4,SITE-US-01,Process Engineer,,,2018-09-15,GMP,True,Full-Time
23,EMP-00023,Werner,Wilson,4,SITE-US-01,Supply Chain Manager,,,2021-05-27,GMP,True,Full-Time
24,EMP-00024,Anita,Miller,7,SITE-US-01,QA Manager,,,2022-05-23,GMP,True,Full-Time
25,EMP-00025,David,Brown,1,SITE-US-01,QC Supervisor,,,2023-03-02,GMP,True,Full-Time
26,EMP-00026,Werner,Gallagher,4,SITE-US-01,Manufacturing Associate,,,2019-09-25,GMP,True,Contractor
27,EMP-00027,Eoin,Becker,2,SITE-US-01,QA Manager,,,2015-07-27,GMP,True,Full-Time
28,EMP-00028,Ravi,Patel,2,SITE-US-01,QC Supervisor,,,2020-06-12,GMP,True,Contractor
29,EMP-00029,Ciaran,Smith,3,SITE-US-01,QC Supervisor,,,2017-12-22,Non-GMP,True,Full-Time
30,EMP-00030,Greta,Moore,9,SITE-US-01,Manufacturing Supervisor,,,2018-04-30,GMP,True,Full-Time
31,EMP-00031,Patrick,Brown,1,SITE-US-01,QA Specialist,,,2021-07-20,GMP,True,Full-Time
32,EMP-00032,Klaus,Garcia,1,SITE-US-01,Process Engineer,,,2017-01-31,GMP,True,Contractor
33,EMP-00033,Jennifer,Schulz,7,SITE-US-01,Manufacturing Supervisor,,,2021-06-29,GMP,True,Full-Time
34,EMP-00034,Friedrich,Weber,10,SITE-US-01,QC Analyst,,,2017-12-04,GMP,True,Full-Time
35,EMP-00035,John,Menon,7,SITE-US-01,Validation Engineer,,,2018-07-19,Non-GMP,True,Full-Time
36,EMP-00036,Friedrich,Miller,10,SITE-US-01,QA Manager,,,2021-01-11,GMP,True,Contractor
37,EMP-00037,Ravi,Walsh,2,SITE-US-01,Regulatory Affairs Specialist,,,2016-10-08,GMP,True,Full-Time
38,EMP-00038,James,Becker,9,SITE-US-01,Regulatory Affairs Specialist,,,2022-06-10,GMP,True,Full-Time
39,EMP-00039,Heike,Moore,2,SITE-US-01,Regulatory Affairs Specialist,,,2018-02-28,GMP,True,Full-Time
40,EMP-00040,Klaus,Schmidt,5,SITE-US-01,Regulatory Affairs Specialist,,,2015-07-28,GMP,True,Full-Time
41,EMP-00041,Siobhan,Wilson,1,SITE-US-01,Document Control Specialist,,,2017-12-08,GMP,True,Full-Time
42,EMP-00042,James,Davis,9,SITE-US-01,QA Manager,,,2022-10-01,GMP,True,Contractor
43,EMP-00043,Heike,Moore,10,SITE-US-01,QC Supervisor,,,2016-06-06,GMP,True,Contractor
44,EMP-00044,Declan,Singh,1,SITE-US-01,Document Control Specialist,,,2017-10-19,GMP,True,Full-Time
45,EMP-00045,Anna,Moore,7,SITE-US-01,Microbiology Analyst,,,2017-08-27,GMP,False,Contractor
46,EMP-00046,Sarah,Sharma,7,SITE-US-01,Supply Chain Manager,,,2018-09-22,GMP,True,Full-Time
47,EMP-00047,Arun,Patel,4,SITE-US-01,EHS Specialist,,,2022-11-12,GMP,True,Contractor
48,EMP-00048,Anita,Burke,4,SITE-US-01,QC Analyst,,,2018-06-04,GMP,True,Full-Time
49,EMP-00049,Brigid,O'Brien,4,SITE-US-01,Regulatory Affairs Specialist,,,2015-10-12,Non-GMP,True,Full-Time
50,EMP-00050,Werner,O'Brien,7,SITE-US-01,QA Specialist,,,2016-04-17,GMP,True,Full-Time
51,EMP-00051,Michael,Miller,5,SITE-US-01,Training Coordinator,,,2019-11-15,GMP,True,Full-Time
52,EMP-00052,Jennifer,Ryan,9,SITE-US-01,Microbiology Analyst,,,2021-06-19,GMP,True,Full-Time
53,EMP-00053,Werner,Kumar,9,SITE-US-01,QC Analyst,,,2019-11-02,GMP,True,Full-Time
54,EMP-00054,Jennifer,Menon,6,SITE-US-01,Compliance Manager,,,2018-06-20,GMP,True,Full-Time
55,EMP-00055,John,Kumar,9,SITE-US-01,QC Supervisor,,,2022-06-16,Non-GMP,True,Contractor
56,EMP-00056,Friedrich,Menon,10,SITE-US-01,QC Supervisor,,,2021-02-22,GMP,True,Full-Time
57,EMP-00057,Thomas,Murphy,10,SITE-US-01,Validation Engineer,,,2019-12-15,GMP,True,Full-Time
58,EMP-00058,Jessica,Pillai,3,SITE-US-01,Compliance Manager,,,2022-06-12,GMP,True,Contractor
59,EMP-00059,Kiran,Rao,4,SITE-US-01,EHS Specialist,,,2017-03-26,GMP,True,Part-Time
60,EMP-00060,Robert,Burke,10,SITE-US-01,QC Supervisor,,,2022-01-23,GMP,True,Full-Time
61,EMP-00061,Ravi,Moore,7,SITE-US-01,Document Control Specialist,,,2022-09-17,GMP,True,Full-Time
62,EMP-00062,Niamh,Rao,2,SITE-US-01,Manufacturing Associate,,,2022-10-21,GMP,True,Full-Time
63,EMP-00063,Fiona,Wilson,2,SITE-US-01,EHS Specialist,,,2020-03-18,GMP,False,Full-Time
64,EMP-00064,Anna,Fischer,8,SITE-US-01,QC Supervisor,,,2021-02-22,GMP,True,Contractor
65,EMP-00065,Sunita,Reddy,8,SITE-US-01,Process Engineer,,,2022-02-24,GMP,True,Full-Time
66,EMP-00066,Arun,Gallagher,4,SITE-US-01,QA Manager,,,2023-01-01,GMP,True,Full-Time
67,EMP-00067,Jessica,Wilson,9,SITE-US-01,Manufacturing Associate,,,2017-08-05,GMP,True,Full-Time
68,EMP-00068,Liam,O'Brien,7,SITE-US-01,Compliance Manager,,,2020-03-23,GMP,True,Full-Time
69,EMP-00069,Sarah,Schulz,10,SITE-US-01,QC Supervisor,,,2020-05-07,GMP,True,Full-Time
70,EMP-00070,Werner,Wagner,7,SITE-US-01,EHS Specialist,,,2021-10-06,GMP,True,Full-Time
71,EMP-00071,Sarah,Ryan,8,SITE-US-01,QC Analyst,,,2022-07-02,GMP,True,Full-Time
72,EMP-00072,John,Richter,8,SITE-US-01,Compliance Manager,,,2015-04-21,GMP,True,Full-Time
73,EMP-00073,Niamh,Wilson,2,SITE-US-01,Process Engineer,,,2020-03-06,GMP,True,Full-Time
74,EMP-00074,Patrick,O'Brien,8,SITE-US-01,EHS Specialist,,,2019-04-02,GMP,False,Full-Time
75,EMP-00075,Hans,Johnson,2,SITE-US-01,Supply Chain Manager,,,2021-01-18,GMP,False,Full-Time
76,EMP-00076,Michael,Johnson,2,SITE-US-01,Manufacturing Supervisor,,,2017-03-27,GMP,True,Full-Time
77,EMP-00077,Jennifer,Schulz,8,SITE-US-01,Manufacturing Supervisor,,,2020-03-19,GMP,True,Full-Time
78,EMP-00078,Jennifer,Patel,10,SITE-US-01,Regulatory Affairs Specialist,,,2016-03-18,GMP,True,Full-Time
79,EMP-00079,Brigid,Kumar,7,SITE-US-01,QA Manager,,,2021-08-22,GMP,True,Full-Time
80,EMP-00080,Thomas,Davis,5,SITE-US-01,EHS Specialist,,,2021-05-07,GMP,True,Full-Time
81,EMP-00081,Robert,Fischer,6,SITE-US-01,Document Control Specialist,,,2018-10-29,GMP,True,Full-Time
82,EMP-00082,Aoife,Burke,7,SITE-US-01,Supply Chain Manager,,,2016-09-18,GMP,True,Part-Time
83,EMP-00083,Anna,Wagner,5,SITE-US-01,EHS Specialist,,,2020-06-03,GMP,True,Full-Time
84,EMP-00084,Ravi,Garcia,6,SITE-US-01,Regulatory Affairs Specialist,,,2020-01-21,GMP,True,Full-Time
85,EMP-00085,Siobhan,Johnson,7,SITE-US-01,Validation Engineer,,,2018-08-24,GMP,True,Full-Time
86,EMP-00086,Arun,Braun,6,SITE-US-01,Supply Chain Manager,,,2018-02-05,GMP,True,Full-Time
87,EMP-00087,Liam,Schmidt,4,SITE-US-01,Compliance Manager,,,2023-07-03,GMP,True,Full-Time
88,EMP-00088,Sarah,Garcia,8,SITE-US-01,Regulatory Affairs Specialist,,,2017-06-26,GMP,True,Full-Time
89,EMP-00089,Hans,Becker,6,SITE-US-01,Compliance Manager,,,2018-11-09,GMP,True,Full-Time
90,EMP-00090,Arun,Menon,8,SITE-US-01,Regulatory Affairs Specialist,,,2017-08-02,GMP,True,Full-Time
91,EMP-00091,Rahul,Kumar,9,SITE-US-01,Manufacturing Supervisor,,,2023-04-14,GMP,True,Part-Time
92,EMP-00092,Thomas,Pillai,9,SITE-US-01,QA Manager,,,2017-03-06,GMP,True,Full-Time
93,EMP-00093,John,Iyer,9,SITE-US-01,QA Specialist,,,2015-08-12,GMP,True,Full-Time
94,EMP-00094,David,Smith,8,SITE-US-01,Training Coordinator,,,2018-03-10,GMP,True,Full-Time
95,EMP-00095,Sunita,Mueller,1,SITE-US-01,QA Manager,,,2015-09-25,GMP,True,Full-Time
96,EMP-00096,Ashley,Moore,1,SITE-US-01,EHS Specialist,,,2021-04-24,Non-GMP,True,Full-Time
97,EMP-00097,Liam,Braun,9,SITE-US-01,Training Coordinator,,,2023-11-13,GMP,True,Full-Time
98,EMP-00098,Kiran,Hoffmann,8,SITE-US-01,QC Supervisor,,,2018-06-04,GMP,True,Part-Time
99,EMP-00099,Vikram,Singh,2,SITE-US-01,Regulatory Affairs Specialist,,,2022-05-29,GMP,True,Full-Time
100,EMP-00100,James,Byrne,3,SITE-US-01,Validation Engineer,,,2022-09-24,GMP,True,Full-Time
101,EMP-00101,Fiona,Jones,5,SITE-US-01,Document Control Specialist,,,2017-08-14,Non-GMP,True,Full-Time
102,EMP-00102,Niamh,Davis,4,SITE-US-01,Compliance Manager,,,2017-07-09,GMP,True,Contractor
103,EMP-00103,Emily,Patel,2,SITE-US-01,EHS Specialist,,,2018-06-13,GMP,True,Contractor
104,EMP-00104,Jennifer,Burke,8,SITE-US-01,Supply Chain Manager,,,2018-05-30,GMP,True,Full-Time
105,EMP-00105,Eoin,Garcia,8,SITE-US-01,Training Coordinator,,,2015-06-13,GMP,True,Full-Time
106,EMP-00106,Jessica,Rao,1,SITE-US-01,Document Control Specialist,,,2021-06-14,GMP,True,Full-Time
107,EMP-00107,Friedrich,Williams,5,SITE-US-01,EHS Specialist,,,2023-06-25,GMP,True,Full-Time
108,EMP-00108,Rahul,Hoffmann,5,SITE-US-01,QC Supervisor,,,2022-02-13,GMP,False,Full-Time
109,EMP-00109,Siobhan,Murphy,7,SITE-US-01,Document Control Specialist,,,2016-03-04,GMP,True,Full-Time
110,EMP-00110,Brigid,Becker,5,SITE-US-01,QA Specialist,,,2020-02-06,GMP,True,Full-Time
111,EMP-00111,Klaus,Smith,7,SITE-US-01,Document Control Specialist,,,2021-01-31,GMP,True,Full-Time
112,EMP-00112,Greta,Gallagher,10,SITE-US-01,EHS Specialist,,,2015-07-31,GMP,True,Contractor
113,EMP-00113,Greta,Davis,8,SITE-US-01,QA Specialist,,,2022-01-24,GMP,True,Full-Time
114,EMP-00114,James,Becker,9,SITE-US-01,QC Supervisor,,,2016-01-17,GMP,True,Full-Time
115,EMP-00115,Ashley,Schmidt,2,SITE-US-01,Microbiology Analyst,,,2023-01-14,GMP,True,Full-Time
116,EMP-00116,Hans,Reddy,8,SITE-US-01,Validation Engineer,,,2021-03-07,GMP,True,Full-Time
117,EMP-00117,Robert,Iyer,3,SITE-US-01,EHS Specialist,,,2023-11-10,GMP,True,Full-Time
118,EMP-00118,James,Pillai,5,SITE-US-01,Supply Chain Manager,,,2018-05-07,GMP,True,Full-Time
119,EMP-00119,Eoin,Wagner,3,SITE-US-01,Validation Engineer,,,2018-11-14,GMP,True,Full-Time
120,EMP-00120,Anita,Reddy,6,SITE-US-01,Training Coordinator,,,2019-04-18,GMP,True,Full-Time
121,EMP-00121,Ciaran,Ryan,18,SITE-US-02,Document Control Specialist,,,2023-11-20,GMP,False,Full-Time
122,EMP-00122,John,Fischer,11,SITE-US-02,Training Coordinator,,,2018-09-21,GMP,True,Full-Time
123,EMP-00123,James,Moore,18,SITE-US-02,QC Supervisor,,,2022-05-05,Non-GMP,True,Full-Time
124,EMP-00124,Siobhan,Richter,15,SITE-US-02,Supply Chain Manager,,,2019-06-17,GMP,True,Contractor
125,EMP-00125,Patrick,Schmidt,17,SITE-US-02,Process Engineer,,,2021-01-25,GMP,True,Full-Time
126,EMP-00126,Kavya,Garcia,15,SITE-US-02,QC Supervisor,,,2016-02-08,GMP,True,Full-Time
127,EMP-00127,Kiran,Johnson,13,SITE-US-02,QA Specialist,,,2018-08-21,GMP,True,Full-Time
128,EMP-00128,Ravi,Weber,13,SITE-US-02,QC Supervisor,,,2021-05-07,GMP,True,Full-Time
129,EMP-00129,Anna,Reddy,17,SITE-US-02,Validation Engineer,,,2021-07-16,GMP,True,Full-Time
130,EMP-00130,James,Burke,15,SITE-US-02,Microbiology Analyst,,,2018-03-24,GMP,True,Full-Time
131,EMP-00131,Sabine,Menon,16,SITE-US-02,Document Control Specialist,,,2019-10-04,GMP,True,Full-Time
132,EMP-00132,Hans,Miller,17,SITE-US-02,Manufacturing Supervisor,,,2019-04-12,GMP,True,Part-Time
133,EMP-00133,Sarah,O'Connor,15,SITE-US-02,Regulatory Affairs Specialist,,,2015-02-03,GMP,True,Full-Time
134,EMP-00134,Thomas,Schmidt,11,SITE-US-02,Process Engineer,,,2018-03-18,GMP,True,Contractor
135,EMP-00135,Anita,Richter,14,SITE-US-02,Regulatory Affairs Specialist,,,2022-08-08,GMP,True,Full-Time
136,EMP-00136,David,Williams,13,SITE-US-02,Regulatory Affairs Specialist,,,2023-11-05,GMP,True,Full-Time
137,EMP-00137,Meera,Murphy,12,SITE-US-02,Supply Chain Manager,,,2019-08-29,GMP,True,Full-Time
138,EMP-00138,Ingrid,Fischer,16,SITE-US-02,Microbiology Analyst,,,2018-01-21,GMP,True,Contractor
139,EMP-00139,Meera,O'Brien,18,SITE-US-02,EHS Specialist,,,2016-04-16,GMP,True,Full-Time
140,EMP-00140,Brigid,Becker,14,SITE-US-02,QC Analyst,,,2016-01-05,GMP,True,Full-Time
141,EMP-00141,Aoife,Nair,18,SITE-US-02,Training Coordinator,,,2019-04-10,GMP,True,Full-Time
142,EMP-00142,Hans,Johnson,14,SITE-US-02,Training Coordinator,,,2021-04-18,GMP,True,Full-Time
143,EMP-00143,Kiran,Byrne,18,SITE-US-02,QA Manager,,,2016-07-26,GMP,True,Part-Time
144,EMP-00144,David,Reddy,12,SITE-US-02,Microbiology Analyst,,,2021-01-10,GMP,True,Full-Time
145,EMP-00145,Sabine,Moore,17,SITE-US-02,Microbiology Analyst,,,2019-08-27,GMP,True,Full-Time
146,EMP-00146,Michael,Walsh,15,SITE-US-02,Manufacturing Supervisor,,,2019-12-22,GMP,True,Full-Time
147,EMP-00147,Werner,Kelly,16,SITE-US-02,QA Specialist,,,2019-06-19,GMP,False,Contractor
148,EMP-00148,Jessica,Singh,18,SITE-US-02,Document Control Specialist,,,2022-03-04,GMP,True,Full-Time
149,EMP-00149,John,Schulz,14,SITE-US-02,Manufacturing Supervisor,,,2015-10-09,GMP,True,Full-Time
150,EMP-00150,Siobhan,Moore,14,SITE-US-02,EHS Specialist,,,2021-09-07,GMP,True,Full-Time
151,EMP-00151,Werner,Nair,13,SITE-US-02,EHS Specialist,,,2016-12-15,GMP,True,Full-Time
152,EMP-00152,Ravi,Hoffmann,16,SITE-US-02,QC Analyst,,,2015-03-06,GMP,True,Full-Time
153,EMP-00153,Robert,Mueller,12,SITE-US-02,Validation Engineer,,,2023-09-22,GMP,True,Full-Time
154,EMP-00154,Anna,Williams,14,SITE-US-02,Supply Chain Manager,,,2023-10-14,GMP,True,Full-Time
155,EMP-00155,Emily,Mueller,11,SITE-US-02,Process Engineer,,,2019-07-04,GMP,True,Full-Time
156,EMP-00156,Robert,Garcia,18,SITE-US-02,QC Analyst,,,2021-10-27,GMP,True,Full-Time
157,EMP-00157,Ciaran,Braun,16,SITE-US-02,Compliance Manager,,,2018-04-22,GMP,True,Full-Time
158,EMP-00158,Heike,Singh,12,SITE-US-02,QC Supervisor,,,2020-01-24,GMP,True,Contractor
159,EMP-00159,Liam,Miller,17,SITE-US-02,QC Analyst,,,2019-10-15,GMP,True,Part-Time
160,EMP-00160,Robert,Garcia,18,SITE-US-02,Process Engineer,,,2015-12-16,GMP,True,Full-Time
161,EMP-00161,Heike,Brown,21,SITE-EU-01,Training Coordinator,,,2021-04-19,GMP,True,Full-Time
162,EMP-00162,Emily,Pillai,25,SITE-EU-01,Training Coordinator,,,2018-07-03,GMP,True,Full-Time
163,EMP-00163,Kavya,Miller,26,SITE-EU-01,QC Analyst,,,2021-03-28,GMP,True,Full-Time
164,EMP-00164,Heike,Richter,25,SITE-EU-01,Training Coordinator,,,2022-07-27,GMP,True,Contractor
165,EMP-00165,Sarah,Sharma,23,SITE-EU-01,Regulatory Affairs Specialist,,,2022-11-18,GMP,True,Full-Time
166,EMP-00166,Ashley,Schulz,21,SITE-EU-01,Document Control Specialist,,,2019-06-30,GMP,True,Part-Time
167,EMP-00167,Ingrid,Singh,20,SITE-EU-01,QC Supervisor,,,2019-09-16,GMP,True,Full-Time
168,EMP-00168,Friedrich,Braun,24,SITE-EU-01,QA Manager,,,2015-08-04,GMP,True,Full-Time
169,EMP-00169,Arun,Gallagher,20,SITE-EU-01,Document Control Specialist,,,2019-10-03,GMP,True,Full-Time
170,EMP-00170,Jennifer,Kelly,27,SITE-EU-01,QC Supervisor,,,2016-03-30,GMP,True,Full-Time
171,EMP-00171,Michael,Rao,23,SITE-EU-01,QC Supervisor,,,2021-09-20,GMP,True,Contractor
172,EMP-00172,Sunita,Pillai,21,SITE-EU-01,QC Analyst,,,2016-05-06,GMP,True,Full-Time
173,EMP-00173,Werner,Rao,25,SITE-EU-01,Compliance Manager,,,2021-04-07,GMP,True,Full-Time
174,EMP-00174,Niamh,Johnson,19,SITE-EU-01,Validation Engineer,,,2015-11-15,GMP,True,Full-Time
175,EMP-00175,Meera,Davis,25,SITE-EU-01,QC Supervisor,,,2015-03-27,Non-GMP,True,Contractor
176,EMP-00176,Aoife,Garcia,26,SITE-EU-01,QC Supervisor,,,2016-03-09,GMP,True,Full-Time
177,EMP-00177,Kiran,O'Brien,25,SITE-EU-01,Manufacturing Supervisor,,,2018-09-26,GMP,True,Full-Time
178,EMP-00178,Klaus,Kumar,27,SITE-EU-01,Microbiology Analyst,,,2023-09-15,GMP,True,Contractor
179,EMP-00179,Ravi,Miller,21,SITE-EU-01,Manufacturing Associate,,,2017-11-14,GMP,True,Full-Time
180,EMP-00180,Rahul,Schmidt,20,SITE-EU-01,Validation Engineer,,,2023-06-18,GMP,True,Full-Time
181,EMP-00181,Anna,Murphy,28,SITE-EU-01,Process Engineer,,,2022-01-13,GMP,True,Full-Time
182,EMP-00182,Arun,Hoffmann,23,SITE-EU-01,QA Specialist,,,2018-12-12,GMP,True,Full-Time
183,EMP-00183,Aoife,Pillai,19,SITE-EU-01,QA Manager,,,2022-03-25,GMP,True,Full-Time
184,EMP-00184,Ciaran,Burke,27,SITE-EU-01,Training Coordinator,,,2021-03-20,Non-GMP,True,Full-Time
185,EMP-00185,Anita,Murphy,28,SITE-EU-01,Training Coordinator,,,2020-05-02,GMP,False,Full-Time
186,EMP-00186,Jessica,Fischer,24,SITE-EU-01,Document Control Specialist,,,2016-12-07,GMP,True,Part-Time
187,EMP-00187,Ingrid,Richter,27,SITE-EU-01,Manufacturing Associate,,,2019-01-30,GMP,True,Full-Time
188,EMP-00188,Thomas,Brown,24,SITE-EU-01,EHS Specialist,,,2022-01-28,GMP,True,Full-Time
189,EMP-00189,Meera,Nair,25,SITE-EU-01,Supply Chain Manager,,,2022-05-13,Non-GMP,True,Full-Time
190,EMP-00190,Sabine,Moore,20,SITE-EU-01,Microbiology Analyst,,,2018-12-03,GMP,True,Full-Time
191,EMP-00191,Thomas,Garcia,21,SITE-EU-01,Regulatory Affairs Specialist,,,2021-04-08,GMP,True,Contractor
192,EMP-00192,Jessica,Doyle,27,SITE-EU-01,Compliance Manager,,,2019-01-22,GMP,True,Part-Time
193,EMP-00193,Greta,Kumar,24,SITE-EU-01,Manufacturing Supervisor,,,2016-07-17,GMP,True,Full-Time
194,EMP-00194,Werner,Weber,27,SITE-EU-01,QA Specialist,,,2022-06-04,GMP,True,Full-Time
195,EMP-00195,Ashley,Patel,25,SITE-EU-01,Manufacturing Associate,,,2022-10-08,GMP,True,Full-Time
196,EMP-00196,Michael,Byrne,26,SITE-EU-01,QC Analyst,,,2022-08-02,GMP,False,Full-Time
197,EMP-00197,Kavya,Wagner,26,SITE-EU-01,Manufacturing Supervisor,,,2018-06-21,Non-GMP,True,Contractor
198,EMP-00198,Aoife,Schulz,22,SITE-EU-01,Validation Engineer,,,2020-03-06,GMP,True,Full-Time
199,EMP-00199,Priya,Kumar,25,SITE-EU-01,EHS Specialist,,,2021-10-12,GMP,True,Full-Time
200,EMP-00200,Heike,Miller,24,SITE-EU-01,Supply Chain Manager,,,2020-10-14,GMP,True,Full-Time
201,EMP-00201,Eoin,Fischer,23,SITE-EU-01,Manufacturing Associate,,,2019-11-27,GMP,True,Contractor
202,EMP-00202,Sarah,Byrne,24,SITE-EU-01,QA Specialist,,,2019-06-12,GMP,True,Part-Time
203,EMP-00203,Kavya,Johnson,24,SITE-EU-01,QC Analyst,,,2016-02-10,GMP,True,Full-Time
204,EMP-00204,Michael,Pillai,21,SITE-EU-01,Microbiology Analyst,,,2020-04-19,GMP,True,Full-Time
205,EMP-00205,Anna,Smith,26,SITE-EU-01,Microbiology Analyst,,,2015-11-21,GMP,True,Full-Time
206,EMP-00206,Ingrid,Doyle,28,SITE-EU-01,QA Manager,,,2023-09-15,GMP,True,Full-Time
207,EMP-00207,Anna,Burke,25,SITE-EU-01,QA Manager,,,2016-03-30,GMP,True,Full-Time
208,EMP-00208,Friedrich,Reddy,27,SITE-EU-01,Supply Chain Manager,,,2016-08-11,GMP,True,Full-Time
209,EMP-00209,Liam,Sharma,28,SITE-EU-01,Document Control Specialist,,,2022-06-30,GMP,False,Full-Time
210,EMP-00210,Werner,Fischer,27,SITE-EU-01,EHS Specialist,,,2020-09-10,GMP,True,Full-Time
211,EMP-00211,Aoife,Nair,25,SITE-EU-01,Supply Chain Manager,,,2015-03-08,GMP,True,Full-Time
212,EMP-00212,Sabine,O'Brien,20,SITE-EU-01,Manufacturing Associate,,,2015-07-01,GMP,True,Full-Time
213,EMP-00213,Hans,Sharma,26,SITE-EU-01,EHS Specialist,,,2016-07-06,GMP,True,Full-Time
214,EMP-00214,Anita,Williams,23,SITE-EU-01,EHS Specialist,,,2017-03-28,GMP,True,Full-Time
215,EMP-00215,Werner,Mueller,25,SITE-EU-01,Regulatory Affairs Specialist,,,2015-05-30,GMP,True,Full-Time
216,EMP-00216,Siobhan,Iyer,19,SITE-EU-01,QA Manager,,,2023-12-19,GMP,True,Full-Time
217,EMP-00217,Siobhan,Sharma,25,SITE-EU-01,Validation Engineer,,,2022-10-05,GMP,True,Full-Time
218,EMP-00218,Niamh,Garcia,20,SITE-EU-01,QC Supervisor,,,2021-10-03,Non-GMP,True,Full-Time
219,EMP-00219,Jessica,Murphy,20,SITE-EU-01,Document Control Specialist,,,2018-04-25,GMP,True,Full-Time
220,EMP-00220,Declan,Gallagher,26,SITE-EU-01,QA Specialist,,,2023-02-25,GMP,True,Part-Time
221,EMP-00221,Emily,Jones,23,SITE-EU-01,Document Control Specialist,,,2022-02-24,GMP,True,Full-Time
222,EMP-00222,Sarah,Moore,21,SITE-EU-01,Process Engineer,,,2021-10-24,GMP,True,Full-Time
223,EMP-00223,Aoife,Walsh,22,SITE-EU-01,QC Supervisor,,,2021-05-12,GMP,True,Full-Time
224,EMP-00224,Aoife,Gallagher,24,SITE-EU-01,EHS Specialist,,,2015-11-11,GMP,True,Full-Time
225,EMP-00225,Ravi,Davis,23,SITE-EU-01,QA Specialist,,,2023-04-02,GMP,True,Contractor
226,EMP-00226,Sunita,Nair,20,SITE-EU-01,Supply Chain Manager,,,2020-01-02,GMP,True,Full-Time
227,EMP-00227,Anita,Davis,26,SITE-EU-01,Manufacturing Associate,,,2015-10-31,GMP,True,Full-Time
228,EMP-00228,Patrick,Kelly,20,SITE-EU-01,Supply Chain Manager,,,2015-09-23,GMP,True,Full-Time
229,EMP-00229,Rahul,Walsh,21,SITE-EU-01,Compliance Manager,,,2017-07-07,GMP,True,Full-Time
230,EMP-00230,Sarah,Walsh,26,SITE-EU-01,Compliance Manager,,,2021-06-02,GMP,True,Full-Time
231,EMP-00231,Jessica,Jones,28,SITE-EU-01,Regulatory Affairs Specialist,,,2019-06-19,Non-GMP,True,Full-Time
232,EMP-00232,Friedrich,Jones,25,SITE-EU-01,Manufacturing Associate,,,2018-07-22,GMP,True,Full-Time
233,EMP-00233,John,Becker,24,SITE-EU-01,Document Control Specialist,,,2021-08-04,GMP,False,Full-Time
234,EMP-00234,Jennifer,Weber,19,SITE-EU-01,Manufacturing Associate,,,2018-05-30,GMP,True,Full-Time
235,EMP-00235,Ingrid,Pillai,24,SITE-EU-01,Process Engineer,,,2015-11-20,GMP,True,Full-Time
236,EMP-00236,Kiran,Richter,21,SITE-EU-01,Compliance Manager,,,2016-01-18,GMP,True,Contractor
237,EMP-00237,Priya,Richter,21,SITE-EU-01,Supply Chain Manager,,,2021-10-14,GMP,True,Full-Time
238,EMP-00238,Jessica,Williams,19,SITE-EU-01,Document Control Specialist,,,2023-08-25,GMP,True,Full-Time
239,EMP-00239,Anna,Johnson,25,SITE-EU-01,Validation Engineer,,,2022-01-12,GMP,True,Full-Time
240,EMP-00240,Brigid,Menon,22,SITE-EU-01,Validation Engineer,,,2015-10-26,GMP,True,Full-Time
241,EMP-00241,Vikram,O'Brien,26,SITE-EU-01,Training Coordinator,,,2016-08-11,GMP,True,Full-Time
242,EMP-00242,Brigid,Wilson,24,SITE-EU-01,EHS Specialist,,,2019-02-26,GMP,True,Full-Time
243,EMP-00243,Arun,Gallagher,20,SITE-EU-01,Manufacturing Supervisor,,,2016-07-31,GMP,True,Full-Time
244,EMP-00244,Liam,Reddy,28,SITE-EU-01,Process Engineer,,,2016-10-16,GMP,True,Full-Time
245,EMP-00245,Priya,Schmidt,22,SITE-EU-01,Compliance Manager,,,2020-03-27,GMP,True,Full-Time
246,EMP-00246,Klaus,Burke,25,SITE-EU-01,Manufacturing Supervisor,,,2017-05-31,GMP,True,Full-Time
247,EMP-00247,Hans,Pillai,28,SITE-EU-01,Compliance Manager,,,2015-02-03,GMP,True,Contractor
248,EMP-00248,Brigid,Walsh,24,SITE-EU-01,QA Specialist,,,2019-06-29,GMP,True,Full-Time
249,EMP-00249,Robert,Ryan,23,SITE-EU-01,Compliance Manager,,,2020-01-19,GMP,True,Part-Time
250,EMP-00250,Jennifer,Wilson,28,SITE-EU-01,QA Manager,,,2019-06-02,GMP,False,Full-Time
251,EMP-00251,Ashley,Kumar,24,SITE-EU-01,Training Coordinator,,,2020-09-16,GMP,True,Full-Time
252,EMP-00252,Hans,Weber,24,SITE-EU-01,Validation Engineer,,,2016-09-02,GMP,True,Full-Time
253,EMP-00253,Patrick,Patel,28,SITE-EU-01,QC Supervisor,,,2021-11-30,GMP,True,Full-Time
254,EMP-00254,Werner,Schmidt,27,SITE-EU-01,Supply Chain Manager,,,2021-04-24,GMP,True,Full-Time
255,EMP-00255,Liam,Hoffmann,20,SITE-EU-01,Regulatory Affairs Specialist,,,2023-12-08,GMP,True,Full-Time
256,EMP-00256,Hans,Nair,28,SITE-EU-01,Document Control Specialist,,,2023-10-12,Non-GMP,True,Full-Time
257,EMP-00257,Sabine,Mueller,19,SITE-EU-01,Manufacturing Associate,,,2020-11-17,GMP,True,Contractor
258,EMP-00258,Ravi,Williams,21,SITE-EU-01,Training Coordinator,,,2022-11-09,GMP,True,Full-Time
259,EMP-00259,Liam,Singh,21,SITE-EU-01,QC Supervisor,,,2020-08-17,GMP,True,Contractor
260,EMP-00260,John,Weber,19,SITE-EU-01,Manufacturing Supervisor,,,2021-04-16,GMP,True,Full-Time
261,EMP-00261,Rahul,Burke,24,SITE-EU-01,Microbiology Analyst,,,2020-12-23,GMP,True,Full-Time
262,EMP-00262,Anna,Mueller,23,SITE-EU-01,Manufacturing Supervisor,,,2017-10-06,GMP,True,Contractor
263,EMP-00263,Meera,Singh,23,SITE-EU-01,Supply Chain Manager,,,2022-11-27,GMP,True,Full-Time
264,EMP-00264,Meera,Davis,23,SITE-EU-01,Training Coordinator,,,2022-08-03,GMP,True,Full-Time
265,EMP-00265,Ashley,Pillai,24,SITE-EU-01,QA Specialist,,,2018-03-24,Non-GMP,True,Contractor
266,EMP-00266,Hans,Singh,23,SITE-EU-01,Manufacturing Supervisor,,,2021-01-15,GMP,True,Full-Time
267,EMP-00267,Anna,Hoffmann,20,SITE-EU-01,Manufacturing Supervisor,,,2017-09-20,GMP,True,Full-Time
268,EMP-00268,Emily,Miller,22,SITE-EU-01,QC Supervisor,,,2018-09-14,GMP,True,Full-Time
269,EMP-00269,Heike,Patel,19,SITE-EU-01,QC Supervisor,,,2022-04-28,Non-GMP,True,Full-Time
270,EMP-00270,Meera,Murphy,22,SITE-EU-01,Regulatory Affairs Specialist,,,2022-03-30,GMP,True,Full-Time
271,EMP-00271,Werner,Williams,22,SITE-EU-01,Microbiology Analyst,,,2016-12-18,GMP,True,Contractor
272,EMP-00272,Brigid,Schmidt,19,SITE-EU-01,Manufacturing Associate,,,2023-05-26,Non-GMP,True,Contractor
273,EMP-00273,Kiran,Schulz,19,SITE-EU-01,Training Coordinator,,,2016-03-15,Non-GMP,True,Full-Time
274,EMP-00274,Ingrid,Schmidt,27,SITE-EU-01,Microbiology Analyst,,,2016-07-03,GMP,True,Full-Time
275,EMP-00275,Siobhan,Patel,20,SITE-EU-01,Supply Chain Manager,,,2020-02-23,GMP,True,Full-Time
276,EMP-00276,Meera,Schulz,24,SITE-EU-01,Document Control Specialist,,,2023-06-29,GMP,True,Full-Time
277,EMP-00277,Niamh,Fischer,25,SITE-EU-01,QC Analyst,,,2015-12-22,GMP,True,Part-Time
278,EMP-00278,Patrick,Reddy,26,SITE-EU-01,QA Specialist,,,2017-12-04,GMP,True,Full-Time
279,EMP-00279,Kiran,Hoffmann,24,SITE-EU-01,Supply Chain Manager,,,2021-06-04,GMP,True,Full-Time
280,EMP-00280,Jennifer,Burke,19,SITE-EU-01,Regulatory Affairs Specialist,,,2016-10-16,GMP,True,Contractor
281,EMP-00281,Jennifer,Pillai,33,SITE-EU-02,QC Analyst,,,2021-11-22,GMP,False,Full-Time
282,EMP-00282,Thomas,Walsh,36,SITE-EU-02,QC Supervisor,,,2022-11-15,GMP,True,Full-Time
283,EMP-00283,Ravi,Braun,32,SITE-EU-02,Process Engineer,,,2023-10-31,GMP,True,Full-Time
284,EMP-00284,Friedrich,Davis,30,SITE-EU-02,QA Specialist,,,2021-02-21,GMP,True,Full-Time
285,EMP-00285,Patrick,Weber,31,SITE-EU-02,Validation Engineer,,,2016-04-21,GMP,True,Full-Time
286,EMP-00286,Emily,Burke,36,SITE-EU-02,Manufacturing Associate,,,2020-10-03,GMP,True,Full-Time
287,EMP-00287,Sarah,O'Connor,33,SITE-EU-02,Regulatory Affairs Specialist,,,2015-01-13,GMP,True,Full-Time
288,EMP-00288,Robert,Wagner,34,SITE-EU-02,QA Specialist,,,2015-10-10,Non-GMP,True,Full-Time
289,EMP-00289,John,Byrne,31,SITE-EU-02,QC Analyst,,,2019-04-16,GMP,True,Full-Time
290,EMP-00290,Werner,Wilson,30,SITE-EU-02,Document Control Specialist,,,2018-11-25,GMP,False,Full-Time
291,EMP-00291,Kavya,Smith,31,SITE-EU-02,EHS Specialist,,,2015-04-04,Non-GMP,True,Full-Time
292,EMP-00292,Werner,Ryan,35,SITE-EU-02,Process Engineer,,,2017-07-29,GMP,True,Full-Time
293,EMP-00293,Michael,Byrne,30,SITE-EU-02,Training Coordinator,,,2023-08-04,Non-GMP,True,Full-Time
294,EMP-00294,David,Braun,30,SITE-EU-02,QA Specialist,,,2020-01-03,GMP,True,Full-Time
295,EMP-00295,Brigid,Gallagher,29,SITE-EU-02,Manufacturing Supervisor,,,2021-01-19,GMP,True,Full-Time
296,EMP-00296,Kavya,Schulz,33,SITE-EU-02,QC Analyst,,,2021-06-23,GMP,True,Full-Time
297,EMP-00297,Ashley,Weber,33,SITE-EU-02,Manufacturing Supervisor,,,2019-08-21,GMP,True,Contractor
298,EMP-00298,Niamh,Becker,31,SITE-EU-02,Validation Engineer,,,2015-07-12,Non-GMP,True,Full-Time
299,EMP-00299,Liam,Byrne,34,SITE-EU-02,Manufacturing Associate,,,2018-05-13,GMP,True,Full-Time
300,EMP-00300,Kiran,Moore,32,SITE-EU-02,EHS Specialist,,,2020-03-11,GMP,True,Part-Time
301,EMP-00301,Ciaran,Reddy,31,SITE-EU-02,Regulatory Affairs Specialist,,,2017-04-12,GMP,True,Full-Time
302,EMP-00302,Jessica,Wagner,34,SITE-EU-02,Supply Chain Manager,,,2017-02-19,GMP,True,Full-Time
303,EMP-00303,Robert,Kumar,29,SITE-EU-02,EHS Specialist,,,2023-07-17,GMP,True,Full-Time
304,EMP-00304,Siobhan,Menon,32,SITE-EU-02,Microbiology Analyst,,,2015-03-04,GMP,True,Full-Time
305,EMP-00305,Ravi,Braun,36,SITE-EU-02,Supply Chain Manager,,,2017-04-17,GMP,True,Full-Time
306,EMP-00306,Ciaran,Burke,33,SITE-EU-02,Compliance Manager,,,2022-04-11,GMP,True,Full-Time
307,EMP-00307,Fiona,Miller,36,SITE-EU-02,EHS Specialist,,,2023-02-07,GMP,True,Contractor
308,EMP-00308,Patrick,Byrne,34,SITE-EU-02,QA Specialist,,,2021-04-23,GMP,True,Full-Time
309,EMP-00309,Meera,Moore,35,SITE-EU-02,Manufacturing Supervisor,,,2018-09-13,GMP,True,Full-Time
310,EMP-00310,Sunita,Schmidt,34,SITE-EU-02,Supply Chain Manager,,,2022-03-13,GMP,True,Full-Time
311,EMP-00311,Priya,Wilson,34,SITE-EU-02,Supply Chain Manager,,,2021-02-16,GMP,True,Full-Time
312,EMP-00312,Ingrid,Williams,29,SITE-EU-02,Process Engineer,,,2015-11-01,Non-GMP,True,Full-Time
313,EMP-00313,John,Rao,35,SITE-EU-02,QA Manager,,,2022-12-06,GMP,True,Full-Time
314,EMP-00314,Anna,Richter,29,SITE-EU-02,Microbiology Analyst,,,2020-06-02,GMP,True,Full-Time
315,EMP-00315,James,Johnson,35,SITE-EU-02,Compliance Manager,,,2023-02-06,GMP,False,Full-Time
316,EMP-00316,Rahul,Miller,35,SITE-EU-02,Microbiology Analyst,,,2016-01-30,GMP,True,Full-Time
317,EMP-00317,Declan,Iyer,33,SITE-EU-02,EHS Specialist,,,2019-06-14,GMP,False,Full-Time
318,EMP-00318,Kavya,Menon,32,SITE-EU-02,Document Control Specialist,,,2015-11-27,GMP,True,Full-Time
319,EMP-00319,Brigid,Ryan,30,SITE-EU-02,QC Supervisor,,,2021-03-13,GMP,True,Full-Time
320,EMP-00320,Greta,Doyle,30,SITE-EU-02,Document Control Specialist,,,2023-10-18,GMP,False,Part-Time
321,EMP-00321,Michael,Rao,45,SITE-AP-01,Manufacturing Supervisor,,,2022-10-06,GMP,True,Full-Time
322,EMP-00322,Arun,Wagner,38,SITE-AP-01,Training Coordinator,,,2022-05-19,GMP,True,Full-Time
323,EMP-00323,Sabine,Moore,40,SITE-AP-01,EHS Specialist,,,2022-12-29,GMP,True,Full-Time
324,EMP-00324,Ravi,Schulz,46,SITE-AP-01,Process Engineer,,,2019-05-13,GMP,True,Full-Time
325,EMP-00325,Jessica,Fischer,39,SITE-AP-01,Supply Chain Manager,,,2018-11-17,GMP,True,Contractor
326,EMP-00326,Thomas,Richter,42,SITE-AP-01,Training Coordinator,,,2019-06-13,Non-GMP,True,Full-Time
327,EMP-00327,Greta,Rao,44,SITE-AP-01,QC Analyst,,,2021-03-15,Non-GMP,True,Full-Time
328,EMP-00328,Jessica,Richter,43,SITE-AP-01,Regulatory Affairs Specialist,,,2023-12-13,GMP,True,Full-Time
329,EMP-00329,Ashley,Ryan,43,SITE-AP-01,QC Analyst,,,2019-01-17,GMP,True,Full-Time
330,EMP-00330,Arun,Miller,42,SITE-AP-01,Manufacturing Associate,,,2015-12-24,GMP,True,Full-Time
331,EMP-00331,David,Johnson,43,SITE-AP-01,QA Manager,,,2018-12-20,GMP,True,Full-Time
332,EMP-00332,James,Pillai,43,SITE-AP-01,QC Supervisor,,,2019-05-08,GMP,True,Full-Time
333,EMP-00333,Friedrich,Weber,40,SITE-AP-01,Manufacturing Associate,,,2022-09-08,GMP,True,Full-Time
334,EMP-00334,Ashley,Jones,44,SITE-AP-01,Manufacturing Associate,,,2019-11-16,GMP,True,Full-Time
335,EMP-00335,Sunita,Reddy,42,SITE-AP-01,Supply Chain Manager,,,2022-01-04,GMP,True,Full-Time
336,EMP-00336,Kiran,Smith,39,SITE-AP-01,QC Supervisor,,,2018-09-22,GMP,True,Contractor
337,EMP-00337,Siobhan,Doyle,44,SITE-AP-01,Process Engineer,,,2022-04-20,Non-GMP,True,Full-Time
338,EMP-00338,Hans,Murphy,40,SITE-AP-01,Manufacturing Associate,,,2019-06-20,Non-GMP,True,Full-Time
339,EMP-00339,Friedrich,Reddy,44,SITE-AP-01,QC Analyst,,,2019-03-21,GMP,True,Full-Time
340,EMP-00340,Anita,Hoffmann,46,SITE-AP-01,Compliance Manager,,,2017-01-06,GMP,True,Part-Time
341,EMP-00341,Vikram,Gallagher,44,SITE-AP-01,EHS Specialist,,,2018-04-08,GMP,True,Contractor
342,EMP-00342,Greta,Wilson,43,SITE-AP-01,Document Control Specialist,,,2018-05-25,GMP,True,Full-Time
343,EMP-00343,Robert,Gallagher,43,SITE-AP-01,Training Coordinator,,,2020-05-16,GMP,True,Contractor
344,EMP-00344,Werner,Williams,43,SITE-AP-01,EHS Specialist,,,2019-01-12,GMP,True,Full-Time
345,EMP-00345,David,Reddy,38,SITE-AP-01,Document Control Specialist,,,2022-06-15,GMP,True,Full-Time
346,EMP-00346,Siobhan,Doyle,43,SITE-AP-01,QA Manager,,,2015-02-13,GMP,True,Full-Time
347,EMP-00347,Sabine,Schulz,45,SITE-AP-01,Manufacturing Supervisor,,,2019-12-31,GMP,True,Full-Time
348,EMP-00348,Ashley,Kelly,45,SITE-AP-01,QA Specialist,,,2020-05-31,GMP,True,Part-Time
349,EMP-00349,Ashley,Kelly,38,SITE-AP-01,Regulatory Affairs Specialist,,,2018-11-06,GMP,True,Full-Time
350,EMP-00350,David,Gallagher,44,SITE-AP-01,Supply Chain Manager,,,2022-10-24,GMP,True,Full-Time
351,EMP-00351,Sarah,O'Brien,38,SITE-AP-01,Document Control Specialist,,,2016-03-23,GMP,True,Part-Time
352,EMP-00352,Ingrid,Sharma,40,SITE-AP-01,Compliance Manager,,,2016-10-17,GMP,True,Full-Time
353,EMP-00353,Rahul,Sharma,43,SITE-AP-01,Document Control Specialist,,,2022-05-16,GMP,True,Full-Time
354,EMP-00354,Eoin,Hoffmann,40,SITE-AP-01,QC Supervisor,,,2019-05-12,GMP,True,Full-Time
355,EMP-00355,Friedrich,Miller,38,SITE-AP-01,EHS Specialist,,,2021-01-08,GMP,True,Full-Time
356,EMP-00356,Greta,Weber,41,SITE-AP-01,Document Control Specialist,,,2018-07-07,GMP,True,Full-Time
357,EMP-00357,Declan,Burke,42,SITE-AP-01,Training Coordinator,,,2016-12-07,GMP,True,Full-Time
358,EMP-00358,Sabine,Garcia,46,SITE-AP-01,Document Control Specialist,,,2016-07-02,GMP,True,Full-Time
359,EMP-00359,Ashley,Fischer,42,SITE-AP-01,QC Supervisor,,,2019-09-10,GMP,True,Full-Time
360,EMP-00360,Werner,Sharma,44,SITE-AP-01,Compliance Manager,,,2016-11-14,GMP,True,Full-Time
361,EMP-00361,Anna,Brown,44,SITE-AP-01,Process Engineer,,,2019-01-10,Non-GMP,True,Full-Time
362,EMP-00362,Heike,Fischer,43,SITE-AP-01,Document Control Specialist,,,2020-07-20,GMP,True,Full-Time
363,EMP-00363,Greta,Patel,44,SITE-AP-01,QA Manager,,,2021-05-04,GMP,True,Full-Time
364,EMP-00364,Kavya,Wagner,41,SITE-AP-01,Regulatory Affairs Specialist,,,2016-11-19,GMP,True,Full-Time
365,EMP-00365,Heike,Fischer,44,SITE-AP-01,QA Manager,,,2021-06-03,GMP,True,Contractor
366,EMP-00366,Werner,Williams,42,SITE-AP-01,EHS Specialist,,,2023-01-23,GMP,True,Full-Time
367,EMP-00367,Kiran,Williams,40,SITE-AP-01,Validation Engineer,,,2017-12-12,GMP,True,Full-Time
368,EMP-00368,Ravi,Singh,38,SITE-AP-01,EHS Specialist,,,2023-04-10,GMP,True,Full-Time
369,EMP-00369,Priya,Richter,43,SITE-AP-01,Manufacturing Associate,,,2023-10-20,GMP,True,Full-Time
370,EMP-00370,Werner,Iyer,42,SITE-AP-01,Training Coordinator,,,2021-01-15,GMP,False,Full-Time
371,EMP-00371,Arun,Fischer,46,SITE-AP-01,Microbiology Analyst,,,2022-08-14,GMP,True,Full-Time
372,EMP-00372,Emily,Iyer,43,SITE-AP-01,Process Engineer,,,2022-05-10,GMP,True,Full-Time
373,EMP-00373,Ravi,O'Connor,42,SITE-AP-01,Validation Engineer,,,2016-08-05,GMP,True,Full-Time
374,EMP-00374,Robert,Garcia,44,SITE-AP-01,QC Supervisor,,,2020-10-12,GMP,True,Contractor
375,EMP-00375,Greta,Murphy,44,SITE-AP-01,Training Coordinator,,,2015-01-11,GMP,True,Full-Time
376,EMP-00376,Declan,Jones,44,SITE-AP-01,EHS Specialist,,,2020-12-29,GMP,False,Contractor
377,EMP-00377,Arun,Murphy,44,SITE-AP-01,Process Engineer,,,2018-03-07,GMP,True,Full-Time
378,EMP-00378,Siobhan,Brown,44,SITE-AP-01,QA Specialist,,,2016-02-12,GMP,True,Full-Time
379,EMP-00379,Eoin,Burke,39,SITE-AP-01,QA Specialist,,,2019-10-19,GMP,True,Full-Time
380,EMP-00380,Priya,Iyer,41,SITE-AP-01,QA Manager,,,2022-05-05,GMP,True,Full-Time
381,EMP-00381,Emily,O'Connor,39,SITE-AP-01,Document Control Specialist,,,2018-06-05,GMP,True,Full-Time
382,EMP-00382,David,Smith,38,SITE-AP-01,Manufacturing Supervisor,,,2020-05-07,GMP,True,Full-Time
383,EMP-00383,James,Smith,44,SITE-AP-01,Supply Chain Manager,,,2018-11-08,GMP,False,Full-Time
384,EMP-00384,Hans,Jones,39,SITE-AP-01,Manufacturing Supervisor,,,2019-04-19,GMP,True,Full-Time
385,EMP-00385,Kiran,Wilson,42,SITE-AP-01,QC Supervisor,,,2023-09-04,GMP,True,Full-Time
386,EMP-00386,Robert,Weber,39,SITE-AP-01,Training Coordinator,,,2015-02-04,GMP,True,Full-Time
387,EMP-00387,Ashley,Byrne,40,SITE-AP-01,Training Coordinator,,,2022-09-13,GMP,True,Contractor
388,EMP-00388,Jennifer,Hoffmann,39,SITE-AP-01,Supply Chain Manager,,,2019-04-22,GMP,True,Full-Time
389,EMP-00389,Arun,Garcia,40,SITE-AP-01,Manufacturing Supervisor,,,2021-03-16,GMP,True,Full-Time
390,EMP-00390,Kiran,Singh,37,SITE-AP-01,Compliance Manager,,,2021-10-21,GMP,True,Full-Time
391,EMP-00391,Ravi,Schmidt,37,SITE-AP-01,QC Supervisor,,,2016-04-06,GMP,True,Full-Time
392,EMP-00392,Aoife,Murphy,37,SITE-AP-01,Manufacturing Associate,,,2019-05-04,GMP,True,Full-Time
393,EMP-00393,Hans,Jones,39,SITE-AP-01,QA Specialist,,,2021-08-02,GMP,True,Full-Time
394,EMP-00394,Brigid,Fischer,37,SITE-AP-01,Regulatory Affairs Specialist,,,2022-01-18,GMP,True,Full-Time
395,EMP-00395,Jessica,Wagner,43,SITE-AP-01,Compliance Manager,,,2021-11-28,GMP,True,Full-Time
396,EMP-00396,Ashley,Wagner,40,SITE-AP-01,QC Analyst,,,2019-05-20,GMP,True,Full-Time
397,EMP-00397,Kiran,Doyle,38,SITE-AP-01,Supply Chain Manager,,,2017-09-04,GMP,True,Full-Time
398,EMP-00398,Anna,Braun,44,SITE-AP-01,QA Specialist,,,2018-06-20,GMP,True,Full-Time
399,EMP-00399,John,Smith,37,SITE-AP-01,Manufacturing Associate,,,2020-07-26,Non-GMP,True,Full-Time
400,EMP-00400,Priya,Walsh,41,SITE-AP-01,Manufacturing Associate,,,2023-05-30,GMP,True,Contractor
401,EMP-00401,Siobhan,Doyle,37,SITE-AP-01,Regulatory Affairs Specialist,,,2020-11-15,GMP,True,Full-Time
402,EMP-00402,Greta,Burke,38,SITE-AP-01,Compliance Manager,,,2019-01-15,GMP,True,Full-Time
403,EMP-00403,Sunita,Miller,39,SITE-AP-01,Microbiology Analyst,,,2021-06-08,GMP,True,Full-Time
404,EMP-00404,Michael,Smith,37,SITE-AP-01,Manufacturing Supervisor,,,2015-07-08,GMP,True,Full-Time
405,EMP-00405,Heike,Byrne,37,SITE-AP-01,Manufacturing Supervisor,,,2018-08-11,GMP,True,Full-Time
406,EMP-00406,Friedrich,Walsh,38,SITE-AP-01,QA Manager,,,2020-08-18,GMP,True,Full-Time
407,EMP-00407,Michael,O'Connor,45,SITE-AP-01,QA Manager,,,2020-03-20,GMP,True,Full-Time
408,EMP-00408,Heike,Burke,38,SITE-AP-01,QA Specialist,,,2019-02-20,GMP,True,Full-Time
409,EMP-00409,Ravi,Burke,46,SITE-AP-01,QC Analyst,,,2021-08-20,Non-GMP,False,Full-Time
410,EMP-00410,Ravi,Moore,45,SITE-AP-01,QA Specialist,,,2019-08-07,GMP,True,Full-Time
411,EMP-00411,Siobhan,Smith,37,SITE-AP-01,EHS Specialist,,,2022-05-16,GMP,True,Full-Time
412,EMP-00412,Ingrid,Reddy,40,SITE-AP-01,QC Supervisor,,,2020-07-08,Non-GMP,False,Full-Time
413,EMP-00413,Jessica,Williams,41,SITE-AP-01,Microbiology Analyst,,,2017-08-06,GMP,True,Full-Time
414,EMP-00414,Fiona,Garcia,42,SITE-AP-01,Training Coordinator,,,2016-01-27,GMP,True,Full-Time
415,EMP-00415,Friedrich,Brown,46,SITE-AP-01,QC Supervisor,,,2022-06-06,Non-GMP,True,Full-Time
416,EMP-00416,Brigid,Murphy,42,SITE-AP-01,QC Analyst,,,2020-01-29,GMP,True,Full-Time
417,EMP-00417,David,Moore,46,SITE-AP-01,QA Manager,,,2016-11-04,GMP,True,Full-Time
418,EMP-00418,Vikram,Gallagher,42,SITE-AP-01,Regulatory Affairs Specialist,,,2020-03-12,GMP,True,Full-Time
419,EMP-00419,Thomas,Williams,41,SITE-AP-01,Manufacturing Supervisor,,,2018-09-04,GMP,True,Part-Time
420,EMP-00420,Klaus,Brown,43,SITE-AP-01,Document Control Specialist,,,2018-05-09,GMP,False,Full-Time
421,EMP-00421,Eoin,Becker,43,SITE-AP-01,Supply Chain Manager,,,2021-03-03,GMP,True,Contractor
422,EMP-00422,Jennifer,Smith,39,SITE-AP-01,QA Specialist,,,2023-10-04,Non-GMP,True,Contractor
423,EMP-00423,Jessica,Hoffmann,42,SITE-AP-01,Training Coordinator,,,2017-11-26,GMP,True,Part-Time
424,EMP-00424,Eoin,Wilson,40,SITE-AP-01,QA Manager,,,2018-09-20,GMP,True,Full-Time
425,EMP-00425,Niamh,O'Connor,46,SITE-AP-01,Validation Engineer,,,2015-05-01,GMP,True,Full-Time
426,EMP-00426,Arun,Iyer,39,SITE-AP-01,Validation Engineer,,,2016-08-31,GMP,True,Full-Time
427,EMP-00427,Greta,Byrne,41,SITE-AP-01,Microbiology Analyst,,,2021-03-05,GMP,True,Full-Time
428,EMP-00428,Anita,Weber,43,SITE-AP-01,Manufacturing Supervisor,,,2022-01-27,Non-GMP,True,Full-Time
429,EMP-00429,Declan,Mueller,43,SITE-AP-01,Compliance Manager,,,2023-10-06,GMP,True,Full-Time
430,EMP-00430,Arun,Sharma,43,SITE-AP-01,QA Specialist,,,2018-07-30,GMP,True,Contractor
431,EMP-00431,Emily,Mueller,41,SITE-AP-01,Compliance Manager,,,2019-01-04,GMP,False,Part-Time
432,EMP-00432,Ravi,Reddy,38,SITE-AP-01,Regulatory Affairs Specialist,,,2020-12-25,GMP,True,Full-Time
433,EMP-00433,Friedrich,Ryan,40,SITE-AP-01,QC Analyst,,,2016-12-12,GMP,True,Contractor
434,EMP-00434,Sabine,Johnson,42,SITE-AP-01,Supply Chain Manager,,,2022-11-09,GMP,True,Full-Time
435,EMP-00435,Greta,Wagner,40,SITE-AP-01,Regulatory Affairs Specialist,,,2016-12-20,GMP,True,Full-Time
436,EMP-00436,Sarah,Weber,40,SITE-AP-01,Validation Engineer,,,2015-01-03,GMP,True,Contractor
437,EMP-00437,Rahul,Murphy,42,SITE-AP-01,QA Specialist,,,2015-03-31,GMP,True,Full-Time
438,EMP-00438,Ingrid,Walsh,38,SITE-AP-01,QA Manager,,,2019-03-11,GMP,True,Full-Time
439,EMP-00439,Kiran,Murphy,42,SITE-AP-01,Manufacturing Associate,,,2016-10-07,GMP,True,Full-Time
440,EMP-00440,Patrick,Sharma,44,SITE-AP-01,Supply Chain Manager,,,2021-04-20,GMP,True,Full-Time
